<?xml version="1.0" encoding="UTF-8"?>
<gpx xmlns="http://www.topografix.com/GPX/1/1" xmlns:ns2="http://www.garmin.com/xmlschemas/GpxExtensions/v3" xmlns:xsi="http://www.w3.org/2001/XMLSchema-instance" xsi:schemaLocation="http://www.topografix.com/GPX/1/1 http://www.topografix.com/GPX/1/1/gpx.xsd" version="1.1" creator="HikingGuy.com - https://hikingguy.com">
  <metadata>
    <name>Lost Coast Trail Guide</name>
    <author>
      <name>HikingGuy.com</name>
    </author>
    <link href="https://hikingguy.com/hikes/lost-coast-trail/">
    </link>
    <time>2022-03-17T12:22:43.180000Z</time>
  </metadata>
  <wpt lat="40.289116" lon="-124.355524">
    <name>Mattole Trailhead Parking</name>
  </wpt>
  <wpt lat="40.132523" lon="-124.186003">
    <name>Big Flat</name>
  </wpt>
  <wpt lat="40.186087" lon="-124.258649">
    <name>Spanish Flats Camp</name>
  </wpt>
  <wpt lat="40.192865" lon="-124.266437">
    <name>Camp</name>
  </wpt>
  <wpt lat="40.094444" lon="-124.101628">
    <name>Gitchell Creek Camp</name>
  </wpt>
  <wpt lat="40.233275" lon="-124.325225">
    <name>Hat Rock / Always Impassable</name>
  </wpt>
  <wpt lat="40.219163" lon="-124.309435">
    <name>Cooksie Creek Camp</name>
  </wpt>
  <wpt lat="40.249377" lon="-124.350242">
    <name>Punta Gorda Lighthouse</name>
  </wpt>
  <wpt lat="40.288946" lon="-124.356311">
    <name>Mattole Trailhead</name>
  </wpt>
  <wpt lat="40.069511" lon="-124.080632">
    <name>Horse Mountain Creek Camp</name>
  </wpt>
  <wpt lat="40.165875" lon="-124.220819">
    <name>Private Cabins</name>
  </wpt>
  <wpt lat="40.172115" lon="-124.229391">
    <name>Kinsey Creek Camp</name>
  </wpt>
  <wpt lat="40.184079" lon="-124.254631">
    <name>Spanish Creek Camp</name>
  </wpt>
  <wpt lat="40.197928" lon="-124.274345">
    <name>Camp</name>
  </wpt>
  <wpt lat="40.21178" lon="-124.29972">
    <name>Very Narrow</name>
  </wpt>
  <wpt lat="40.181965" lon="-124.249228">
    <name>Private Cabin</name>
  </wpt>
  <wpt lat="40.117834" lon="-124.144881">
    <name>Shipman Creek Camp</name>
  </wpt>
  <wpt lat="40.157301" lon="-124.210726">
    <name>Big Creek Camp</name>
  </wpt>
  <wpt lat="40.127634" lon="-124.174638">
    <name>Miller Flat Camp</name>
  </wpt>
  <wpt lat="40.21469" lon="-124.30413">
    <name>Very Narrow</name>
  </wpt>
  <wpt lat="40.221011" lon="-124.311945">
    <name>Very Narrow</name>
  </wpt>
  <wpt lat="40.20119" lon="-124.28359">
    <name>Very Narrow</name>
  </wpt>
  <wpt lat="40.16242" lon="-124.21571">
    <name>Very Narrow</name>
  </wpt>
  <wpt lat="40.045537" lon="-124.077643">
    <name>Shelter Cove Parking</name>
  </wpt>
  <wpt lat="40.124172" lon="-124.16845">
    <name>Very Narrow</name>
  </wpt>
  <wpt lat="40.132798" lon="-124.180764">
    <name>Private House</name>
  </wpt>
  <wpt lat="40.122111" lon="-124.160964">
    <name>Very Narrow</name>
  </wpt>
  <wpt lat="40.10867" lon="-124.121053">
    <name>Buck Creek Camp</name>
  </wpt>
  <wpt lat="40.200753" lon="-124.282242">
    <name>Randall Creek Camp</name>
  </wpt>
  <wpt lat="40.239973" lon="-124.331953">
    <name>Sea Lion Gulch Camp</name>
  </wpt>
  <trk>
    <name>Lost Coast Trail</name>
    <extensions>
      <ns2:TrackExtension>
        <ns2:DisplayColor>Magenta</ns2:DisplayColor>
      </ns2:TrackExtension>
    </extensions>
    <trkseg>
      <trkpt lat="40.288985" lon="-124.35632">
        <ele>5.0</ele>
      </trkpt>
      <trkpt lat="40.288936" lon="-124.356739">
        <ele>7.0</ele>
      </trkpt>
      <trkpt lat="40.288977" lon="-124.357039">
        <ele>7.0</ele>
      </trkpt>
      <trkpt lat="40.289059" lon="-124.357361">
        <ele>7.0</ele>
      </trkpt>
      <trkpt lat="40.28901" lon="-124.357704">
        <ele>3.0</ele>
      </trkpt>
      <trkpt lat="40.288535" lon="-124.358241">
        <ele>3.0</ele>
      </trkpt>
      <trkpt lat="40.288044" lon="-124.358798">
        <ele>0.0</ele>
      </trkpt>
      <trkpt lat="40.28752" lon="-124.359142">
        <ele>0.0</ele>
      </trkpt>
      <trkpt lat="40.286849" lon="-124.359635">
        <ele>0.0</ele>
      </trkpt>
      <trkpt lat="40.285793" lon="-124.360097">
        <ele>0.0</ele>
      </trkpt>
      <trkpt lat="40.285179" lon="-124.360451">
        <ele>0.0</ele>
      </trkpt>
      <trkpt lat="40.283895" lon="-124.360547">
        <ele>3.0</ele>
      </trkpt>
      <trkpt lat="40.282111" lon="-124.361009">
        <ele>0.0</ele>
      </trkpt>
      <trkpt lat="40.281472" lon="-124.361137">
        <ele>4.0</ele>
      </trkpt>
      <trkpt lat="40.280777" lon="-124.361148">
        <ele>5.0</ele>
      </trkpt>
      <trkpt lat="40.280285" lon="-124.361234">
        <ele>5.0</ele>
      </trkpt>
      <trkpt lat="40.279737" lon="-124.361427">
        <ele>7.0</ele>
      </trkpt>
      <trkpt lat="40.279213" lon="-124.361395">
        <ele>7.0</ele>
      </trkpt>
      <trkpt lat="40.278599" lon="-124.36147">
        <ele>6.0</ele>
      </trkpt>
      <trkpt lat="40.278239" lon="-124.36162">
        <ele>8.0</ele>
      </trkpt>
      <trkpt lat="40.277642" lon="-124.361899">
        <ele>0.0</ele>
      </trkpt>
      <trkpt lat="40.277184" lon="-124.362039">
        <ele>4.0</ele>
      </trkpt>
      <trkpt lat="40.276815" lon="-124.362071">
        <ele>4.0</ele>
      </trkpt>
      <trkpt lat="40.276562" lon="-124.362049">
        <ele>5.0</ele>
      </trkpt>
      <trkpt lat="40.275989" lon="-124.362135">
        <ele>5.0</ele>
      </trkpt>
      <trkpt lat="40.275489" lon="-124.362221">
        <ele>7.0</ele>
      </trkpt>
      <trkpt lat="40.274892" lon="-124.362296">
        <ele>8.0</ele>
      </trkpt>
      <trkpt lat="40.27436" lon="-124.362339">
        <ele>8.0</ele>
      </trkpt>
      <trkpt lat="40.273967" lon="-124.362436">
        <ele>9.0</ele>
      </trkpt>
      <trkpt lat="40.273631" lon="-124.362403">
        <ele>9.0</ele>
      </trkpt>
      <trkpt lat="40.273181" lon="-124.362242">
        <ele>7.0</ele>
      </trkpt>
      <trkpt lat="40.272788" lon="-124.362039">
        <ele>7.0</ele>
      </trkpt>
      <trkpt lat="40.27251" lon="-124.361963">
        <ele>7.0</ele>
      </trkpt>
      <trkpt lat="40.272183" lon="-124.362039">
        <ele>3.0</ele>
      </trkpt>
      <trkpt lat="40.271708" lon="-124.362221">
        <ele>3.0</ele>
      </trkpt>
      <trkpt lat="40.271397" lon="-124.362446">
        <ele>8.0</ele>
      </trkpt>
      <trkpt lat="40.27102" lon="-124.362736">
        <ele>0.0</ele>
      </trkpt>
      <trkpt lat="40.270529" lon="-124.362629">
        <ele>4.0</ele>
      </trkpt>
      <trkpt lat="40.270202" lon="-124.362596">
        <ele>4.0</ele>
      </trkpt>
      <trkpt lat="40.269899" lon="-124.362639">
        <ele>1.0</ele>
      </trkpt>
      <trkpt lat="40.269538" lon="-124.36265">
        <ele>1.0</ele>
      </trkpt>
      <trkpt lat="40.269309" lon="-124.36265">
        <ele>1.0</ele>
      </trkpt>
      <trkpt lat="40.268753" lon="-124.362264">
        <ele>5.0</ele>
      </trkpt>
      <trkpt lat="40.268466" lon="-124.362157">
        <ele>5.0</ele>
      </trkpt>
      <trkpt lat="40.268114" lon="-124.362167">
        <ele>0.0</ele>
      </trkpt>
      <trkpt lat="40.267787" lon="-124.362167">
        <ele>0.0</ele>
      </trkpt>
      <trkpt lat="40.267369" lon="-124.362393">
        <ele>0.0</ele>
      </trkpt>
      <trkpt lat="40.266993" lon="-124.36236">
        <ele>0.0</ele>
      </trkpt>
      <trkpt lat="40.266665" lon="-124.362264">
        <ele>0.0</ele>
      </trkpt>
      <trkpt lat="40.26642" lon="-124.362146">
        <ele>1.0</ele>
      </trkpt>
      <trkpt lat="40.265904" lon="-124.362006">
        <ele>1.0</ele>
      </trkpt>
      <trkpt lat="40.265568" lon="-124.361963">
        <ele>0.0</ele>
      </trkpt>
      <trkpt lat="40.264922" lon="-124.362049">
        <ele>0.0</ele>
      </trkpt>
      <trkpt lat="40.264398" lon="-124.362124">
        <ele>0.0</ele>
      </trkpt>
      <trkpt lat="40.263759" lon="-124.362275">
        <ele>0.0</ele>
      </trkpt>
      <trkpt lat="40.263292" lon="-124.362436">
        <ele>0.0</ele>
      </trkpt>
      <trkpt lat="40.2629" lon="-124.362661">
        <ele>0.0</ele>
      </trkpt>
      <trkpt lat="40.262523" lon="-124.362929">
        <ele>0.0</ele>
      </trkpt>
      <trkpt lat="40.262237" lon="-124.363154">
        <ele>5.0</ele>
      </trkpt>
      <trkpt lat="40.261876" lon="-124.363197">
        <ele>5.0</ele>
      </trkpt>
      <trkpt lat="40.261491" lon="-124.363047">
        <ele>7.0</ele>
      </trkpt>
      <trkpt lat="40.261262" lon="-124.362886">
        <ele>7.0</ele>
      </trkpt>
      <trkpt lat="40.260935" lon="-124.362854">
        <ele>7.0</ele>
      </trkpt>
      <trkpt lat="40.260681" lon="-124.362768">
        <ele>2.0</ele>
      </trkpt>
      <trkpt lat="40.260198" lon="-124.362339">
        <ele>33.0</ele>
      </trkpt>
      <trkpt lat="40.259748" lon="-124.361878">
        <ele>8.0</ele>
      </trkpt>
      <trkpt lat="40.2596" lon="-124.361727">
        <ele>8.0</ele>
      </trkpt>
      <trkpt lat="40.259355" lon="-124.361588">
        <ele>40.0</ele>
      </trkpt>
      <trkpt lat="40.259158" lon="-124.361448">
        <ele>40.0</ele>
      </trkpt>
      <trkpt lat="40.258806" lon="-124.361245">
        <ele>5.0</ele>
      </trkpt>
      <trkpt lat="40.258184" lon="-124.360815">
        <ele>15.0</ele>
      </trkpt>
      <trkpt lat="40.258181" lon="-124.360822">
        <ele>15.0</ele>
      </trkpt>
      <trkpt lat="40.25785" lon="-124.36055">
        <ele>15.0</ele>
      </trkpt>
      <trkpt lat="40.25769" lon="-124.36044">
        <ele>15.0</ele>
      </trkpt>
      <trkpt lat="40.25758" lon="-124.36033">
        <ele>15.0</ele>
      </trkpt>
      <trkpt lat="40.25732" lon="-124.35999">
        <ele>17.0</ele>
      </trkpt>
      <trkpt lat="40.25728" lon="-124.35985">
        <ele>17.0</ele>
      </trkpt>
      <trkpt lat="40.25652" lon="-124.35879">
        <ele>5.0</ele>
      </trkpt>
      <trkpt lat="40.256303" lon="-124.358366">
        <ele>5.0</ele>
      </trkpt>
      <trkpt lat="40.256302" lon="-124.358365">
        <ele>5.0</ele>
      </trkpt>
      <trkpt lat="40.2563" lon="-124.35836">
        <ele>5.0</ele>
      </trkpt>
      <trkpt lat="40.256145" lon="-124.357907">
        <ele>11.0</ele>
      </trkpt>
      <trkpt lat="40.256144" lon="-124.357904">
        <ele>11.0</ele>
      </trkpt>
      <trkpt lat="40.25601" lon="-124.35751">
        <ele>11.0</ele>
      </trkpt>
      <trkpt lat="40.25596" lon="-124.357425">
        <ele>9.0</ele>
      </trkpt>
      <trkpt lat="40.255962" lon="-124.357428">
        <ele>9.0</ele>
      </trkpt>
      <trkpt lat="40.25588" lon="-124.35729">
        <ele>9.0</ele>
      </trkpt>
      <trkpt lat="40.255881" lon="-124.357281">
        <ele>9.0</ele>
      </trkpt>
      <trkpt lat="40.25588" lon="-124.357283">
        <ele>9.0</ele>
      </trkpt>
      <trkpt lat="40.25589" lon="-124.35714">
        <ele>9.0</ele>
      </trkpt>
      <trkpt lat="40.25589" lon="-124.35714">
        <ele>9.0</ele>
      </trkpt>
      <trkpt lat="40.255887" lon="-124.357135">
        <ele>9.0</ele>
      </trkpt>
      <trkpt lat="40.255887" lon="-124.357135">
        <ele>9.0</ele>
      </trkpt>
      <trkpt lat="40.25574" lon="-124.35692">
        <ele>2.0</ele>
      </trkpt>
      <trkpt lat="40.25527" lon="-124.35607">
        <ele>12.0</ele>
      </trkpt>
      <trkpt lat="40.25503" lon="-124.35572">
        <ele>32.0</ele>
      </trkpt>
      <trkpt lat="40.25426" lon="-124.35492">
        <ele>25.0</ele>
      </trkpt>
      <trkpt lat="40.25426" lon="-124.35492">
        <ele>25.0</ele>
      </trkpt>
      <trkpt lat="40.25426" lon="-124.35492">
        <ele>25.0</ele>
      </trkpt>
      <trkpt lat="40.254254" lon="-124.354892">
        <ele>25.0</ele>
      </trkpt>
      <trkpt lat="40.254255" lon="-124.354895">
        <ele>25.0</ele>
      </trkpt>
      <trkpt lat="40.25426" lon="-124.35492">
        <ele>25.0</ele>
      </trkpt>
      <trkpt lat="40.25426" lon="-124.35492">
        <ele>25.0</ele>
      </trkpt>
      <trkpt lat="40.25399" lon="-124.35475">
        <ele>6.0</ele>
      </trkpt>
      <trkpt lat="40.25378" lon="-124.35453">
        <ele>6.0</ele>
      </trkpt>
      <trkpt lat="40.2536" lon="-124.35422">
        <ele>6.0</ele>
      </trkpt>
      <trkpt lat="40.252871" lon="-124.353587">
        <ele>9.0</ele>
      </trkpt>
      <trkpt lat="40.252871" lon="-124.353587">
        <ele>9.0</ele>
      </trkpt>
      <trkpt lat="40.25231" lon="-124.3531">
        <ele>8.0</ele>
      </trkpt>
      <trkpt lat="40.25202" lon="-124.35295">
        <ele>8.0</ele>
      </trkpt>
      <trkpt lat="40.25153" lon="-124.35257">
        <ele>0.0</ele>
      </trkpt>
      <trkpt lat="40.25121" lon="-124.352232">
        <ele>12.0</ele>
      </trkpt>
      <trkpt lat="40.251212" lon="-124.352234">
        <ele>12.0</ele>
      </trkpt>
      <trkpt lat="40.25117" lon="-124.35219">
        <ele>12.0</ele>
      </trkpt>
      <trkpt lat="40.25074" lon="-124.3518">
        <ele>0.0</ele>
      </trkpt>
      <trkpt lat="40.250512" lon="-124.351695">
        <ele>0.0</ele>
      </trkpt>
      <trkpt lat="40.249769" lon="-124.351039">
        <ele>0.0</ele>
      </trkpt>
      <trkpt lat="40.249216" lon="-124.350384">
        <ele>21.0</ele>
      </trkpt>
      <trkpt lat="40.24922" lon="-124.350379">
        <ele>21.0</ele>
      </trkpt>
      <trkpt lat="40.24907" lon="-124.3502">
        <ele>0.0</ele>
      </trkpt>
      <trkpt lat="40.248951" lon="-124.349989">
        <ele>14.0</ele>
      </trkpt>
      <trkpt lat="40.24895" lon="-124.349986">
        <ele>14.0</ele>
      </trkpt>
      <trkpt lat="40.24889" lon="-124.34988">
        <ele>14.0</ele>
      </trkpt>
      <trkpt lat="40.24889" lon="-124.34988">
        <ele>14.0</ele>
      </trkpt>
      <trkpt lat="40.24889" lon="-124.34988">
        <ele>14.0</ele>
      </trkpt>
      <trkpt lat="40.2487" lon="-124.3495">
        <ele>14.0</ele>
      </trkpt>
      <trkpt lat="40.24842" lon="-124.34884">
        <ele>29.0</ele>
      </trkpt>
      <trkpt lat="40.248251" lon="-124.348278">
        <ele>10.0</ele>
      </trkpt>
      <trkpt lat="40.24825" lon="-124.348274">
        <ele>10.0</ele>
      </trkpt>
      <trkpt lat="40.24824" lon="-124.34824">
        <ele>10.0</ele>
      </trkpt>
      <trkpt lat="40.24809" lon="-124.34801">
        <ele>10.0</ele>
      </trkpt>
      <trkpt lat="40.24809" lon="-124.34789">
        <ele>10.0</ele>
      </trkpt>
      <trkpt lat="40.247933" lon="-124.347686">
        <ele>10.0</ele>
      </trkpt>
      <trkpt lat="40.247934" lon="-124.347687">
        <ele>10.0</ele>
      </trkpt>
      <trkpt lat="40.24789" lon="-124.34763">
        <ele>10.0</ele>
      </trkpt>
      <trkpt lat="40.24782" lon="-124.34738">
        <ele>23.0</ele>
      </trkpt>
      <trkpt lat="40.24764" lon="-124.34702">
        <ele>23.0</ele>
      </trkpt>
      <trkpt lat="40.24757" lon="-124.34692">
        <ele>23.0</ele>
      </trkpt>
      <trkpt lat="40.24739" lon="-124.34679">
        <ele>3.0</ele>
      </trkpt>
      <trkpt lat="40.24736" lon="-124.34664">
        <ele>10.0</ele>
      </trkpt>
      <trkpt lat="40.247237" lon="-124.346482">
        <ele>10.0</ele>
      </trkpt>
      <trkpt lat="40.247239" lon="-124.346484">
        <ele>10.0</ele>
      </trkpt>
      <trkpt lat="40.24722" lon="-124.34646">
        <ele>10.0</ele>
      </trkpt>
      <trkpt lat="40.2472" lon="-124.34636">
        <ele>10.0</ele>
      </trkpt>
      <trkpt lat="40.246993" lon="-124.346042">
        <ele>10.0</ele>
      </trkpt>
      <trkpt lat="40.246995" lon="-124.346045">
        <ele>10.0</ele>
      </trkpt>
      <trkpt lat="40.24692" lon="-124.34593">
        <ele>10.0</ele>
      </trkpt>
      <trkpt lat="40.24648" lon="-124.34543">
        <ele>6.0</ele>
      </trkpt>
      <trkpt lat="40.24637" lon="-124.34533">
        <ele>6.0</ele>
      </trkpt>
      <trkpt lat="40.24609" lon="-124.34515">
        <ele>6.0</ele>
      </trkpt>
      <trkpt lat="40.24599" lon="-124.34494">
        <ele>18.0</ele>
      </trkpt>
      <trkpt lat="40.24599" lon="-124.34494">
        <ele>18.0</ele>
      </trkpt>
      <trkpt lat="40.24596" lon="-124.34486">
        <ele>18.0</ele>
      </trkpt>
      <trkpt lat="40.24587" lon="-124.34483">
        <ele>18.0</ele>
      </trkpt>
      <trkpt lat="40.245836" lon="-124.344788">
        <ele>18.0</ele>
      </trkpt>
      <trkpt lat="40.245838" lon="-124.34479">
        <ele>18.0</ele>
      </trkpt>
      <trkpt lat="40.24574" lon="-124.34467">
        <ele>0.0</ele>
      </trkpt>
      <trkpt lat="40.24531" lon="-124.34395">
        <ele>18.0</ele>
      </trkpt>
      <trkpt lat="40.245261" lon="-124.343844">
        <ele>18.0</ele>
      </trkpt>
      <trkpt lat="40.245263" lon="-124.343847">
        <ele>18.0</ele>
      </trkpt>
      <trkpt lat="40.24513" lon="-124.34356">
        <ele>18.0</ele>
      </trkpt>
      <trkpt lat="40.24493" lon="-124.34326">
        <ele>10.0</ele>
      </trkpt>
      <trkpt lat="40.24493" lon="-124.34326">
        <ele>10.0</ele>
      </trkpt>
      <trkpt lat="40.2449" lon="-124.34322">
        <ele>10.0</ele>
      </trkpt>
      <trkpt lat="40.24473" lon="-124.34313">
        <ele>10.0</ele>
      </trkpt>
      <trkpt lat="40.244379" lon="-124.342672">
        <ele>10.0</ele>
      </trkpt>
      <trkpt lat="40.244381" lon="-124.342675">
        <ele>10.0</ele>
      </trkpt>
      <trkpt lat="40.24437" lon="-124.34266">
        <ele>10.0</ele>
      </trkpt>
      <trkpt lat="40.24429" lon="-124.34218">
        <ele>30.0</ele>
      </trkpt>
      <trkpt lat="40.24407" lon="-124.342">
        <ele>5.0</ele>
      </trkpt>
      <trkpt lat="40.243916" lon="-124.341706">
        <ele>5.0</ele>
      </trkpt>
      <trkpt lat="40.243913" lon="-124.341701">
        <ele>5.0</ele>
      </trkpt>
      <trkpt lat="40.24386" lon="-124.3416">
        <ele>18.0</ele>
      </trkpt>
      <trkpt lat="40.24371" lon="-124.34113">
        <ele>18.0</ele>
      </trkpt>
      <trkpt lat="40.24365" lon="-124.34079">
        <ele>43.0</ele>
      </trkpt>
      <trkpt lat="40.2435" lon="-124.34046">
        <ele>43.0</ele>
      </trkpt>
      <trkpt lat="40.24327" lon="-124.34008">
        <ele>7.0</ele>
      </trkpt>
      <trkpt lat="40.24313" lon="-124.33977">
        <ele>19.0</ele>
      </trkpt>
      <trkpt lat="40.243044" lon="-124.339565">
        <ele>19.0</ele>
      </trkpt>
      <trkpt lat="40.243045" lon="-124.339567">
        <ele>19.0</ele>
      </trkpt>
      <trkpt lat="40.243" lon="-124.33946">
        <ele>19.0</ele>
      </trkpt>
      <trkpt lat="40.243" lon="-124.33934">
        <ele>19.0</ele>
      </trkpt>
      <trkpt lat="40.24285" lon="-124.3389">
        <ele>41.0</ele>
      </trkpt>
      <trkpt lat="40.24248" lon="-124.33806">
        <ele>16.0</ele>
      </trkpt>
      <trkpt lat="40.242473" lon="-124.337936">
        <ele>16.0</ele>
      </trkpt>
      <trkpt lat="40.242473" lon="-124.337938">
        <ele>16.0</ele>
      </trkpt>
      <trkpt lat="40.24246" lon="-124.3377">
        <ele>16.0</ele>
      </trkpt>
      <trkpt lat="40.24236" lon="-124.33744">
        <ele>36.0</ele>
      </trkpt>
      <trkpt lat="40.24204" lon="-124.33604">
        <ele>61.0</ele>
      </trkpt>
      <trkpt lat="40.24179" lon="-124.3358">
        <ele>76.0</ele>
      </trkpt>
      <trkpt lat="40.24166" lon="-124.3353">
        <ele>76.0</ele>
      </trkpt>
      <trkpt lat="40.24132" lon="-124.33422">
        <ele>34.0</ele>
      </trkpt>
      <trkpt lat="40.24102" lon="-124.33393">
        <ele>57.0</ele>
      </trkpt>
      <trkpt lat="40.24092" lon="-124.33389">
        <ele>57.0</ele>
      </trkpt>
      <trkpt lat="40.24076" lon="-124.33351">
        <ele>12.0</ele>
      </trkpt>
      <trkpt lat="40.24084" lon="-124.33341">
        <ele>57.0</ele>
      </trkpt>
      <trkpt lat="40.24099" lon="-124.33331">
        <ele>71.0</ele>
      </trkpt>
      <trkpt lat="40.24105" lon="-124.333204">
        <ele>71.0</ele>
      </trkpt>
      <trkpt lat="40.24105" lon="-124.333204">
        <ele>71.0</ele>
      </trkpt>
      <trkpt lat="40.24108" lon="-124.33315">
        <ele>71.0</ele>
      </trkpt>
      <trkpt lat="40.2412" lon="-124.33304">
        <ele>71.0</ele>
      </trkpt>
      <trkpt lat="40.24127" lon="-124.33293">
        <ele>71.0</ele>
      </trkpt>
      <trkpt lat="40.240975" lon="-124.332842">
        <ele>71.0</ele>
      </trkpt>
      <trkpt lat="40.240977" lon="-124.332842">
        <ele>71.0</ele>
      </trkpt>
      <trkpt lat="40.24097" lon="-124.33284">
        <ele>71.0</ele>
      </trkpt>
      <trkpt lat="40.24081" lon="-124.33273">
        <ele>30.0</ele>
      </trkpt>
      <trkpt lat="40.24067" lon="-124.33275">
        <ele>30.0</ele>
      </trkpt>
      <trkpt lat="40.24057" lon="-124.33267">
        <ele>30.0</ele>
      </trkpt>
      <trkpt lat="40.24023" lon="-124.33249">
        <ele>47.0</ele>
      </trkpt>
      <trkpt lat="40.240168" lon="-124.332437">
        <ele>47.0</ele>
      </trkpt>
      <trkpt lat="40.240164" lon="-124.332434">
        <ele>47.0</ele>
      </trkpt>
      <trkpt lat="40.24016" lon="-124.33243">
        <ele>47.0</ele>
      </trkpt>
      <trkpt lat="40.24015" lon="-124.33234">
        <ele>47.0</ele>
      </trkpt>
      <trkpt lat="40.24019" lon="-124.33214">
        <ele>47.0</ele>
      </trkpt>
      <trkpt lat="40.24019" lon="-124.33193">
        <ele>47.0</ele>
      </trkpt>
      <trkpt lat="40.24014" lon="-124.33179">
        <ele>47.0</ele>
      </trkpt>
      <trkpt lat="40.24007" lon="-124.33172">
        <ele>47.0</ele>
      </trkpt>
      <trkpt lat="40.24016" lon="-124.331492">
        <ele>51.0</ele>
      </trkpt>
      <trkpt lat="40.240162" lon="-124.331485">
        <ele>51.0</ele>
      </trkpt>
      <trkpt lat="40.24018" lon="-124.33144">
        <ele>51.0</ele>
      </trkpt>
      <trkpt lat="40.24016" lon="-124.33142">
        <ele>51.0</ele>
      </trkpt>
      <trkpt lat="40.23995" lon="-124.33151">
        <ele>16.0</ele>
      </trkpt>
      <trkpt lat="40.23981" lon="-124.33152">
        <ele>16.0</ele>
      </trkpt>
      <trkpt lat="40.23977" lon="-124.33144">
        <ele>16.0</ele>
      </trkpt>
      <trkpt lat="40.23978" lon="-124.3313">
        <ele>16.0</ele>
      </trkpt>
      <trkpt lat="40.23972" lon="-124.33086">
        <ele>16.0</ele>
      </trkpt>
      <trkpt lat="40.23952" lon="-124.33048">
        <ele>27.0</ele>
      </trkpt>
      <trkpt lat="40.239276" lon="-124.330114">
        <ele>27.0</ele>
      </trkpt>
      <trkpt lat="40.239276" lon="-124.330115">
        <ele>27.0</ele>
      </trkpt>
      <trkpt lat="40.23904" lon="-124.32976">
        <ele>9.0</ele>
      </trkpt>
      <trkpt lat="40.238132" lon="-124.32888">
        <ele>8.0</ele>
      </trkpt>
      <trkpt lat="40.238133" lon="-124.328881">
        <ele>8.0</ele>
      </trkpt>
      <trkpt lat="40.23807" lon="-124.32882">
        <ele>8.0</ele>
      </trkpt>
      <trkpt lat="40.23795" lon="-124.32865">
        <ele>8.0</ele>
      </trkpt>
      <trkpt lat="40.23767" lon="-124.32811">
        <ele>33.0</ele>
      </trkpt>
      <trkpt lat="40.23747" lon="-124.32763">
        <ele>0.0</ele>
      </trkpt>
      <trkpt lat="40.237216" lon="-124.327273">
        <ele>11.0</ele>
      </trkpt>
      <trkpt lat="40.23704" lon="-124.327126">
        <ele>11.0</ele>
      </trkpt>
      <trkpt lat="40.236977" lon="-124.327053">
        <ele>11.0</ele>
      </trkpt>
      <trkpt lat="40.236966" lon="-124.326962">
        <ele>11.0</ele>
      </trkpt>
      <trkpt lat="40.236956" lon="-124.326906">
        <ele>11.0</ele>
      </trkpt>
      <trkpt lat="40.236955" lon="-124.326907">
        <ele>11.0</ele>
      </trkpt>
      <trkpt lat="40.23663" lon="-124.32645">
        <ele>5.0</ele>
      </trkpt>
      <trkpt lat="40.236553" lon="-124.326396">
        <ele>5.0</ele>
      </trkpt>
      <trkpt lat="40.236554" lon="-124.326396">
        <ele>5.0</ele>
      </trkpt>
      <trkpt lat="40.23598" lon="-124.32599">
        <ele>5.0</ele>
      </trkpt>
      <trkpt lat="40.23548" lon="-124.3257">
        <ele>8.0</ele>
      </trkpt>
      <trkpt lat="40.235398" lon="-124.325667">
        <ele>8.0</ele>
      </trkpt>
      <trkpt lat="40.235399" lon="-124.325668">
        <ele>8.0</ele>
      </trkpt>
      <trkpt lat="40.23528" lon="-124.32562">
        <ele>8.0</ele>
      </trkpt>
      <trkpt lat="40.234805" lon="-124.325534">
        <ele>0.0</ele>
      </trkpt>
      <trkpt lat="40.234806" lon="-124.325534">
        <ele>0.0</ele>
      </trkpt>
      <trkpt lat="40.23456" lon="-124.32549">
        <ele>0.0</ele>
      </trkpt>
      <trkpt lat="40.23449" lon="-124.3254">
        <ele>0.0</ele>
      </trkpt>
      <trkpt lat="40.234498" lon="-124.325319">
        <ele>0.0</ele>
      </trkpt>
      <trkpt lat="40.234498" lon="-124.32532">
        <ele>0.0</ele>
      </trkpt>
      <trkpt lat="40.23452" lon="-124.32509">
        <ele>0.0</ele>
      </trkpt>
      <trkpt lat="40.23447" lon="-124.32503">
        <ele>0.0</ele>
      </trkpt>
      <trkpt lat="40.23442" lon="-124.32509">
        <ele>0.0</ele>
      </trkpt>
      <trkpt lat="40.234412" lon="-124.32509">
        <ele>0.0</ele>
      </trkpt>
      <trkpt lat="40.234413" lon="-124.32509">
        <ele>0.0</ele>
      </trkpt>
      <trkpt lat="40.23439" lon="-124.32509">
        <ele>0.0</ele>
      </trkpt>
      <trkpt lat="40.2344" lon="-124.32495">
        <ele>25.0</ele>
      </trkpt>
      <trkpt lat="40.23435" lon="-124.32491">
        <ele>25.0</ele>
      </trkpt>
      <trkpt lat="40.23417" lon="-124.32484">
        <ele>25.0</ele>
      </trkpt>
      <trkpt lat="40.234057" lon="-124.324755">
        <ele>18.0</ele>
      </trkpt>
      <trkpt lat="40.234058" lon="-124.324756">
        <ele>18.0</ele>
      </trkpt>
      <trkpt lat="40.23405" lon="-124.32475">
        <ele>18.0</ele>
      </trkpt>
      <trkpt lat="40.23394" lon="-124.32475">
        <ele>18.0</ele>
      </trkpt>
      <trkpt lat="40.23386" lon="-124.32482">
        <ele>18.0</ele>
      </trkpt>
      <trkpt lat="40.23377" lon="-124.32477">
        <ele>18.0</ele>
      </trkpt>
      <trkpt lat="40.23362" lon="-124.32456">
        <ele>18.0</ele>
      </trkpt>
      <trkpt lat="40.23344" lon="-124.32453">
        <ele>18.0</ele>
      </trkpt>
      <trkpt lat="40.233328" lon="-124.324433">
        <ele>18.0</ele>
      </trkpt>
      <trkpt lat="40.233329" lon="-124.324434">
        <ele>18.0</ele>
      </trkpt>
      <trkpt lat="40.23322" lon="-124.32434">
        <ele>16.0</ele>
      </trkpt>
      <trkpt lat="40.23309" lon="-124.32426">
        <ele>16.0</ele>
      </trkpt>
      <trkpt lat="40.23303" lon="-124.324193">
        <ele>16.0</ele>
      </trkpt>
      <trkpt lat="40.233031" lon="-124.324195">
        <ele>16.0</ele>
      </trkpt>
      <trkpt lat="40.233" lon="-124.32416">
        <ele>44.0</ele>
      </trkpt>
      <trkpt lat="40.23299" lon="-124.32408">
        <ele>44.0</ele>
      </trkpt>
      <trkpt lat="40.232925" lon="-124.324">
        <ele>44.0</ele>
      </trkpt>
      <trkpt lat="40.232924" lon="-124.323999">
        <ele>44.0</ele>
      </trkpt>
      <trkpt lat="40.2329" lon="-124.32397">
        <ele>44.0</ele>
      </trkpt>
      <trkpt lat="40.23267" lon="-124.32388">
        <ele>44.0</ele>
      </trkpt>
      <trkpt lat="40.23245" lon="-124.32367">
        <ele>18.0</ele>
      </trkpt>
      <trkpt lat="40.23221" lon="-124.32358">
        <ele>18.0</ele>
      </trkpt>
      <trkpt lat="40.232165" lon="-124.323528">
        <ele>18.0</ele>
      </trkpt>
      <trkpt lat="40.232165" lon="-124.323528">
        <ele>18.0</ele>
      </trkpt>
      <trkpt lat="40.23208" lon="-124.32343">
        <ele>18.0</ele>
      </trkpt>
      <trkpt lat="40.23201" lon="-124.32327">
        <ele>41.0</ele>
      </trkpt>
      <trkpt lat="40.23176" lon="-124.32306">
        <ele>41.0</ele>
      </trkpt>
      <trkpt lat="40.23145" lon="-124.32299">
        <ele>23.0</ele>
      </trkpt>
      <trkpt lat="40.23123" lon="-124.32275">
        <ele>23.0</ele>
      </trkpt>
      <trkpt lat="40.23105" lon="-124.32272">
        <ele>23.0</ele>
      </trkpt>
      <trkpt lat="40.23105" lon="-124.32272">
        <ele>23.0</ele>
      </trkpt>
      <trkpt lat="40.23105" lon="-124.32272">
        <ele>23.0</ele>
      </trkpt>
      <trkpt lat="40.23108" lon="-124.32287">
        <ele>23.0</ele>
      </trkpt>
      <trkpt lat="40.23126" lon="-124.32304">
        <ele>23.0</ele>
      </trkpt>
      <trkpt lat="40.23131" lon="-124.32314">
        <ele>23.0</ele>
      </trkpt>
      <trkpt lat="40.23151" lon="-124.32339">
        <ele>3.0</ele>
      </trkpt>
      <trkpt lat="40.23151" lon="-124.32339">
        <ele>3.0</ele>
      </trkpt>
      <trkpt lat="40.23151" lon="-124.32339">
        <ele>3.0</ele>
      </trkpt>
      <trkpt lat="40.231515" lon="-124.323395">
        <ele>3.0</ele>
      </trkpt>
      <trkpt lat="40.231516" lon="-124.323396">
        <ele>3.0</ele>
      </trkpt>
      <trkpt lat="40.23151" lon="-124.32339">
        <ele>3.0</ele>
      </trkpt>
      <trkpt lat="40.23151" lon="-124.32339">
        <ele>3.0</ele>
      </trkpt>
      <trkpt lat="40.231579" lon="-124.323598">
        <ele>3.0</ele>
      </trkpt>
      <trkpt lat="40.231581" lon="-124.323603">
        <ele>3.0</ele>
      </trkpt>
      <trkpt lat="40.2316" lon="-124.32366">
        <ele>3.0</ele>
      </trkpt>
      <trkpt lat="40.23158" lon="-124.32376">
        <ele>3.0</ele>
      </trkpt>
      <trkpt lat="40.23153" lon="-124.32383">
        <ele>3.0</ele>
      </trkpt>
      <trkpt lat="40.23144" lon="-124.32383">
        <ele>3.0</ele>
      </trkpt>
      <trkpt lat="40.23144" lon="-124.32383">
        <ele>3.0</ele>
      </trkpt>
      <trkpt lat="40.23144" lon="-124.32383">
        <ele>3.0</ele>
      </trkpt>
      <trkpt lat="40.231413" lon="-124.323816">
        <ele>3.0</ele>
      </trkpt>
      <trkpt lat="40.231413" lon="-124.323816">
        <ele>3.0</ele>
      </trkpt>
      <trkpt lat="40.23119" lon="-124.3237">
        <ele>3.0</ele>
      </trkpt>
      <trkpt lat="40.230735" lon="-124.323536">
        <ele>0.0</ele>
      </trkpt>
      <trkpt lat="40.230736" lon="-124.323537">
        <ele>0.0</ele>
      </trkpt>
      <trkpt lat="40.23069" lon="-124.32352">
        <ele>0.0</ele>
      </trkpt>
      <trkpt lat="40.23037" lon="-124.32344">
        <ele>0.0</ele>
      </trkpt>
      <trkpt lat="40.22982" lon="-124.32338">
        <ele>0.0</ele>
      </trkpt>
      <trkpt lat="40.229803" lon="-124.323367">
        <ele>0.0</ele>
      </trkpt>
      <trkpt lat="40.228923" lon="-124.322434">
        <ele>9.0</ele>
      </trkpt>
      <trkpt lat="40.228116" lon="-124.321868">
        <ele>0.0</ele>
      </trkpt>
      <trkpt lat="40.228115" lon="-124.321872">
        <ele>0.0</ele>
      </trkpt>
      <trkpt lat="40.22807" lon="-124.32184">
        <ele>0.0</ele>
      </trkpt>
      <trkpt lat="40.22771" lon="-124.32138">
        <ele>13.0</ele>
      </trkpt>
      <trkpt lat="40.22771" lon="-124.32138">
        <ele>13.0</ele>
      </trkpt>
      <trkpt lat="40.22771" lon="-124.32138">
        <ele>13.0</ele>
      </trkpt>
      <trkpt lat="40.22761" lon="-124.32129">
        <ele>13.0</ele>
      </trkpt>
      <trkpt lat="40.22761" lon="-124.32129">
        <ele>13.0</ele>
      </trkpt>
      <trkpt lat="40.227201" lon="-124.320927">
        <ele>0.0</ele>
      </trkpt>
      <trkpt lat="40.227202" lon="-124.320927">
        <ele>0.0</ele>
      </trkpt>
      <trkpt lat="40.226499" lon="-124.320302">
        <ele>0.0</ele>
      </trkpt>
      <trkpt lat="40.226499" lon="-124.320303">
        <ele>0.0</ele>
      </trkpt>
      <trkpt lat="40.22644" lon="-124.32025">
        <ele>0.0</ele>
      </trkpt>
      <trkpt lat="40.226081" lon="-124.319613">
        <ele>23.0</ele>
      </trkpt>
      <trkpt lat="40.22608" lon="-124.319611">
        <ele>23.0</ele>
      </trkpt>
      <trkpt lat="40.22595" lon="-124.31938">
        <ele>23.0</ele>
      </trkpt>
      <trkpt lat="40.225847" lon="-124.319217">
        <ele>23.0</ele>
      </trkpt>
      <trkpt lat="40.225848" lon="-124.319219">
        <ele>23.0</ele>
      </trkpt>
      <trkpt lat="40.225387" lon="-124.318489">
        <ele>12.0</ele>
      </trkpt>
      <trkpt lat="40.225388" lon="-124.31849">
        <ele>12.0</ele>
      </trkpt>
      <trkpt lat="40.225074" lon="-124.317992">
        <ele>39.0</ele>
      </trkpt>
      <trkpt lat="40.225074" lon="-124.317993">
        <ele>39.0</ele>
      </trkpt>
      <trkpt lat="40.22499" lon="-124.31786">
        <ele>0.0</ele>
      </trkpt>
      <trkpt lat="40.22487" lon="-124.31777">
        <ele>0.0</ele>
      </trkpt>
      <trkpt lat="40.224806" lon="-124.317582">
        <ele>0.0</ele>
      </trkpt>
      <trkpt lat="40.224806" lon="-124.317583">
        <ele>0.0</ele>
      </trkpt>
      <trkpt lat="40.22475" lon="-124.31742">
        <ele>18.0</ele>
      </trkpt>
      <trkpt lat="40.224316" lon="-124.316681">
        <ele>18.0</ele>
      </trkpt>
      <trkpt lat="40.224316" lon="-124.31668">
        <ele>18.0</ele>
      </trkpt>
      <trkpt lat="40.22404" lon="-124.31621">
        <ele>5.0</ele>
      </trkpt>
      <trkpt lat="40.223513" lon="-124.315484">
        <ele>25.0</ele>
      </trkpt>
      <trkpt lat="40.223514" lon="-124.315485">
        <ele>25.0</ele>
      </trkpt>
      <trkpt lat="40.22338" lon="-124.3153">
        <ele>25.0</ele>
      </trkpt>
      <trkpt lat="40.22281" lon="-124.31442">
        <ele>12.0</ele>
      </trkpt>
      <trkpt lat="40.222807" lon="-124.314414">
        <ele>12.0</ele>
      </trkpt>
      <trkpt lat="40.222807" lon="-124.314414">
        <ele>12.0</ele>
      </trkpt>
      <trkpt lat="40.222327" lon="-124.313618">
        <ele>0.0</ele>
      </trkpt>
      <trkpt lat="40.221807" lon="-124.313014">
        <ele>27.0</ele>
      </trkpt>
      <trkpt lat="40.221608" lon="-124.312749">
        <ele>0.0</ele>
      </trkpt>
      <trkpt lat="40.221383" lon="-124.31243">
        <ele>18.0</ele>
      </trkpt>
      <trkpt lat="40.221285" lon="-124.312231">
        <ele>18.0</ele>
      </trkpt>
      <trkpt lat="40.221107" lon="-124.312046">
        <ele>18.0</ele>
      </trkpt>
      <trkpt lat="40.221043" lon="-124.31192">
        <ele>18.0</ele>
      </trkpt>
      <trkpt lat="40.22083" lon="-124.311732">
        <ele>18.0</ele>
      </trkpt>
      <trkpt lat="40.220289" lon="-124.31122">
        <ele>14.0</ele>
      </trkpt>
      <trkpt lat="40.22029" lon="-124.311218">
        <ele>14.0</ele>
      </trkpt>
      <trkpt lat="40.22018" lon="-124.31116">
        <ele>14.0</ele>
      </trkpt>
      <trkpt lat="40.21968" lon="-124.3107">
        <ele>15.0</ele>
      </trkpt>
      <trkpt lat="40.21948" lon="-124.310434">
        <ele>15.0</ele>
      </trkpt>
      <trkpt lat="40.219479" lon="-124.310433">
        <ele>15.0</ele>
      </trkpt>
      <trkpt lat="40.219263" lon="-124.310145">
        <ele>15.0</ele>
      </trkpt>
      <trkpt lat="40.219264" lon="-124.310146">
        <ele>15.0</ele>
      </trkpt>
      <trkpt lat="40.218698" lon="-124.309394">
        <ele>2.0</ele>
      </trkpt>
      <trkpt lat="40.218699" lon="-124.309395">
        <ele>2.0</ele>
      </trkpt>
      <trkpt lat="40.21856" lon="-124.30921">
        <ele>2.0</ele>
      </trkpt>
      <trkpt lat="40.218444" lon="-124.309094">
        <ele>12.0</ele>
      </trkpt>
      <trkpt lat="40.218443" lon="-124.309093">
        <ele>12.0</ele>
      </trkpt>
      <trkpt lat="40.21809" lon="-124.30874">
        <ele>5.0</ele>
      </trkpt>
      <trkpt lat="40.217571" lon="-124.308152">
        <ele>44.0</ele>
      </trkpt>
      <trkpt lat="40.217572" lon="-124.308153">
        <ele>44.0</ele>
      </trkpt>
      <trkpt lat="40.216744" lon="-124.307214">
        <ele>39.0</ele>
      </trkpt>
      <trkpt lat="40.216203" lon="-124.306207">
        <ele>25.0</ele>
      </trkpt>
      <trkpt lat="40.216089" lon="-124.305928">
        <ele>25.0</ele>
      </trkpt>
      <trkpt lat="40.216084" lon="-124.305932">
        <ele>25.0</ele>
      </trkpt>
      <trkpt lat="40.2158" lon="-124.30533">
        <ele>6.0</ele>
      </trkpt>
      <trkpt lat="40.215789" lon="-124.305316">
        <ele>6.0</ele>
      </trkpt>
      <trkpt lat="40.215789" lon="-124.305317">
        <ele>6.0</ele>
      </trkpt>
      <trkpt lat="40.215429" lon="-124.304866">
        <ele>28.0</ele>
      </trkpt>
      <trkpt lat="40.21543" lon="-124.304867">
        <ele>28.0</ele>
      </trkpt>
      <trkpt lat="40.215333" lon="-124.304746">
        <ele>28.0</ele>
      </trkpt>
      <trkpt lat="40.215332" lon="-124.304744">
        <ele>28.0</ele>
      </trkpt>
      <trkpt lat="40.21516" lon="-124.30453">
        <ele>28.0</ele>
      </trkpt>
      <trkpt lat="40.214698" lon="-124.304147">
        <ele>20.0</ele>
      </trkpt>
      <trkpt lat="40.2147" lon="-124.30415">
        <ele>20.0</ele>
      </trkpt>
      <trkpt lat="40.21458" lon="-124.30405">
        <ele>20.0</ele>
      </trkpt>
      <trkpt lat="40.21407" lon="-124.30371">
        <ele>0.0</ele>
      </trkpt>
      <trkpt lat="40.213599" lon="-124.302901">
        <ele>35.0</ele>
      </trkpt>
      <trkpt lat="40.2136" lon="-124.302902">
        <ele>35.0</ele>
      </trkpt>
      <trkpt lat="40.21354" lon="-124.3028">
        <ele>35.0</ele>
      </trkpt>
      <trkpt lat="40.213228" lon="-124.302175">
        <ele>17.0</ele>
      </trkpt>
      <trkpt lat="40.213226" lon="-124.302172">
        <ele>17.0</ele>
      </trkpt>
      <trkpt lat="40.21307" lon="-124.30186">
        <ele>17.0</ele>
      </trkpt>
      <trkpt lat="40.212632" lon="-124.301116">
        <ele>43.0</ele>
      </trkpt>
      <trkpt lat="40.212632" lon="-124.301116">
        <ele>43.0</ele>
      </trkpt>
      <trkpt lat="40.21244" lon="-124.30079">
        <ele>21.0</ele>
      </trkpt>
      <trkpt lat="40.21244" lon="-124.30079">
        <ele>21.0</ele>
      </trkpt>
      <trkpt lat="40.212041" lon="-124.300008">
        <ele>21.0</ele>
      </trkpt>
      <trkpt lat="40.212041" lon="-124.300008">
        <ele>21.0</ele>
      </trkpt>
      <trkpt lat="40.211734" lon="-124.299407">
        <ele>48.0</ele>
      </trkpt>
      <trkpt lat="40.211695" lon="-124.299209">
        <ele>48.0</ele>
      </trkpt>
      <trkpt lat="40.211575" lon="-124.298973">
        <ele>24.0</ele>
      </trkpt>
      <trkpt lat="40.211466" lon="-124.298815">
        <ele>24.0</ele>
      </trkpt>
      <trkpt lat="40.211413" lon="-124.298732">
        <ele>24.0</ele>
      </trkpt>
      <trkpt lat="40.210882" lon="-124.29819">
        <ele>43.0</ele>
      </trkpt>
      <trkpt lat="40.210655" lon="-124.297962">
        <ele>7.0</ele>
      </trkpt>
      <trkpt lat="40.210554" lon="-124.297809">
        <ele>7.0</ele>
      </trkpt>
      <trkpt lat="40.210458" lon="-124.297683">
        <ele>7.0</ele>
      </trkpt>
      <trkpt lat="40.210077" lon="-124.297251">
        <ele>42.0</ele>
      </trkpt>
      <trkpt lat="40.209663" lon="-124.296731">
        <ele>0.0</ele>
      </trkpt>
      <trkpt lat="40.209543" lon="-124.296562">
        <ele>30.0</ele>
      </trkpt>
      <trkpt lat="40.20891" lon="-124.295819">
        <ele>13.0</ele>
      </trkpt>
      <trkpt lat="40.208721" lon="-124.29558">
        <ele>13.0</ele>
      </trkpt>
      <trkpt lat="40.20834" lon="-124.295197">
        <ele>13.0</ele>
      </trkpt>
      <trkpt lat="40.208156" lon="-124.294993">
        <ele>11.0</ele>
      </trkpt>
      <trkpt lat="40.208053" lon="-124.294875">
        <ele>11.0</ele>
      </trkpt>
      <trkpt lat="40.208055" lon="-124.294871">
        <ele>11.0</ele>
      </trkpt>
      <trkpt lat="40.20764" lon="-124.29446">
        <ele>11.0</ele>
      </trkpt>
      <trkpt lat="40.20722" lon="-124.294164">
        <ele>14.0</ele>
      </trkpt>
      <trkpt lat="40.207221" lon="-124.294165">
        <ele>14.0</ele>
      </trkpt>
      <trkpt lat="40.20693" lon="-124.29396">
        <ele>14.0</ele>
      </trkpt>
      <trkpt lat="40.206929" lon="-124.293958">
        <ele>14.0</ele>
      </trkpt>
      <trkpt lat="40.20693" lon="-124.293959">
        <ele>14.0</ele>
      </trkpt>
      <trkpt lat="40.206325" lon="-124.292857">
        <ele>8.0</ele>
      </trkpt>
      <trkpt lat="40.206324" lon="-124.292857">
        <ele>8.0</ele>
      </trkpt>
      <trkpt lat="40.205883" lon="-124.292053">
        <ele>23.0</ele>
      </trkpt>
      <trkpt lat="40.205886" lon="-124.292042">
        <ele>23.0</ele>
      </trkpt>
      <trkpt lat="40.205878" lon="-124.29194">
        <ele>23.0</ele>
      </trkpt>
      <trkpt lat="40.205839" lon="-124.291879">
        <ele>23.0</ele>
      </trkpt>
      <trkpt lat="40.205819" lon="-124.291828">
        <ele>0.0</ele>
      </trkpt>
      <trkpt lat="40.205804" lon="-124.291817">
        <ele>0.0</ele>
      </trkpt>
      <trkpt lat="40.205798" lon="-124.291753">
        <ele>0.0</ele>
      </trkpt>
      <trkpt lat="40.205765" lon="-124.291672">
        <ele>0.0</ele>
      </trkpt>
      <trkpt lat="40.205718" lon="-124.291554">
        <ele>22.0</ele>
      </trkpt>
      <trkpt lat="40.205653" lon="-124.291441">
        <ele>22.0</ele>
      </trkpt>
      <trkpt lat="40.205599" lon="-124.291412">
        <ele>22.0</ele>
      </trkpt>
      <trkpt lat="40.205548" lon="-124.291369">
        <ele>22.0</ele>
      </trkpt>
      <trkpt lat="40.205462" lon="-124.291294">
        <ele>22.0</ele>
      </trkpt>
      <trkpt lat="40.205411" lon="-124.291219">
        <ele>22.0</ele>
      </trkpt>
      <trkpt lat="40.205323" lon="-124.29113">
        <ele>22.0</ele>
      </trkpt>
      <trkpt lat="40.205225" lon="-124.291047">
        <ele>22.0</ele>
      </trkpt>
      <trkpt lat="40.205141" lon="-124.290977">
        <ele>22.0</ele>
      </trkpt>
      <trkpt lat="40.20488" lon="-124.29079">
        <ele>17.0</ele>
      </trkpt>
      <trkpt lat="40.204702" lon="-124.290656">
        <ele>17.0</ele>
      </trkpt>
      <trkpt lat="40.204616" lon="-124.290575">
        <ele>17.0</ele>
      </trkpt>
      <trkpt lat="40.204575" lon="-124.290527">
        <ele>17.0</ele>
      </trkpt>
      <trkpt lat="40.20452" lon="-124.29046">
        <ele>17.0</ele>
      </trkpt>
      <trkpt lat="40.20437" lon="-124.290395">
        <ele>17.0</ele>
      </trkpt>
      <trkpt lat="40.204299" lon="-124.290336">
        <ele>17.0</ele>
      </trkpt>
      <trkpt lat="40.204178" lon="-124.290251">
        <ele>17.0</ele>
      </trkpt>
      <trkpt lat="40.203998" lon="-124.290122">
        <ele>0.0</ele>
      </trkpt>
      <trkpt lat="40.20383" lon="-124.289988">
        <ele>27.0</ele>
      </trkpt>
      <trkpt lat="40.2037" lon="-124.289888">
        <ele>27.0</ele>
      </trkpt>
      <trkpt lat="40.203633" lon="-124.28976">
        <ele>27.0</ele>
      </trkpt>
      <trkpt lat="40.203573" lon="-124.289593">
        <ele>27.0</ele>
      </trkpt>
      <trkpt lat="40.203483" lon="-124.289331">
        <ele>27.0</ele>
      </trkpt>
      <trkpt lat="40.203305" lon="-124.288955">
        <ele>15.0</ele>
      </trkpt>
      <trkpt lat="40.203176" lon="-124.288791">
        <ele>15.0</ele>
      </trkpt>
      <trkpt lat="40.202758" lon="-124.287981">
        <ele>39.0</ele>
      </trkpt>
      <trkpt lat="40.202561" lon="-124.287083">
        <ele>58.0</ele>
      </trkpt>
      <trkpt lat="40.202512" lon="-124.286678">
        <ele>58.0</ele>
      </trkpt>
      <trkpt lat="40.202416" lon="-124.286208">
        <ele>12.0</ele>
      </trkpt>
      <trkpt lat="40.202244" lon="-124.285854">
        <ele>12.0</ele>
      </trkpt>
      <trkpt lat="40.20217" lon="-124.285723">
        <ele>34.0</ele>
      </trkpt>
      <trkpt lat="40.201814" lon="-124.285176">
        <ele>34.0</ele>
      </trkpt>
      <trkpt lat="40.201623" lon="-124.284795">
        <ele>15.0</ele>
      </trkpt>
      <trkpt lat="40.201412" lon="-124.284299">
        <ele>15.0</ele>
      </trkpt>
      <trkpt lat="40.201242" lon="-124.283939">
        <ele>34.0</ele>
      </trkpt>
      <trkpt lat="40.201074" lon="-124.28366">
        <ele>34.0</ele>
      </trkpt>
      <trkpt lat="40.200947" lon="-124.283446">
        <ele>34.0</ele>
      </trkpt>
      <trkpt lat="40.200714" lon="-124.28317">
        <ele>7.0</ele>
      </trkpt>
      <trkpt lat="40.200583" lon="-124.282936">
        <ele>7.0</ele>
      </trkpt>
      <trkpt lat="40.200535" lon="-124.282891">
        <ele>7.0</ele>
      </trkpt>
      <trkpt lat="40.20053" lon="-124.282891">
        <ele>7.0</ele>
      </trkpt>
      <trkpt lat="40.20053" lon="-124.28296">
        <ele>7.0</ele>
      </trkpt>
      <trkpt lat="40.200539" lon="-124.282721">
        <ele>7.0</ele>
      </trkpt>
      <trkpt lat="40.200633" lon="-124.282471">
        <ele>10.0</ele>
      </trkpt>
      <trkpt lat="40.200465" lon="-124.282347">
        <ele>10.0</ele>
      </trkpt>
      <trkpt lat="40.200459" lon="-124.282309">
        <ele>10.0</ele>
      </trkpt>
      <trkpt lat="40.200428" lon="-124.282105">
        <ele>10.0</ele>
      </trkpt>
      <trkpt lat="40.200439" lon="-124.282025">
        <ele>10.0</ele>
      </trkpt>
      <trkpt lat="40.200372" lon="-124.281876">
        <ele>10.0</ele>
      </trkpt>
      <trkpt lat="40.200259" lon="-124.281647">
        <ele>23.0</ele>
      </trkpt>
      <trkpt lat="40.200236" lon="-124.281578">
        <ele>23.0</ele>
      </trkpt>
      <trkpt lat="40.200217" lon="-124.281531">
        <ele>23.0</ele>
      </trkpt>
      <trkpt lat="40.200212" lon="-124.281493">
        <ele>23.0</ele>
      </trkpt>
      <trkpt lat="40.200187" lon="-124.281473">
        <ele>23.0</ele>
      </trkpt>
      <trkpt lat="40.200175" lon="-124.281433">
        <ele>23.0</ele>
      </trkpt>
      <trkpt lat="40.200162" lon="-124.281401">
        <ele>23.0</ele>
      </trkpt>
      <trkpt lat="40.200157" lon="-124.281354">
        <ele>23.0</ele>
      </trkpt>
      <trkpt lat="40.20013" lon="-124.281291">
        <ele>23.0</ele>
      </trkpt>
      <trkpt lat="40.200103" lon="-124.281177">
        <ele>23.0</ele>
      </trkpt>
      <trkpt lat="40.200047" lon="-124.280955">
        <ele>23.0</ele>
      </trkpt>
      <trkpt lat="40.199942" lon="-124.280586">
        <ele>17.0</ele>
      </trkpt>
      <trkpt lat="40.199895" lon="-124.280444">
        <ele>17.0</ele>
      </trkpt>
      <trkpt lat="40.199871" lon="-124.280391">
        <ele>17.0</ele>
      </trkpt>
      <trkpt lat="40.199872" lon="-124.280391">
        <ele>17.0</ele>
      </trkpt>
      <trkpt lat="40.19971" lon="-124.28003">
        <ele>17.0</ele>
      </trkpt>
      <trkpt lat="40.199668" lon="-124.279836">
        <ele>26.0</ele>
      </trkpt>
      <trkpt lat="40.199667" lon="-124.279835">
        <ele>26.0</ele>
      </trkpt>
      <trkpt lat="40.19964" lon="-124.27971">
        <ele>26.0</ele>
      </trkpt>
      <trkpt lat="40.199567" lon="-124.27897">
        <ele>27.0</ele>
      </trkpt>
      <trkpt lat="40.199567" lon="-124.278971">
        <ele>27.0</ele>
      </trkpt>
      <trkpt lat="40.19956" lon="-124.2789">
        <ele>27.0</ele>
      </trkpt>
      <trkpt lat="40.199387" lon="-124.277727">
        <ele>25.0</ele>
      </trkpt>
      <trkpt lat="40.199387" lon="-124.277729">
        <ele>25.0</ele>
      </trkpt>
      <trkpt lat="40.19933" lon="-124.27734">
        <ele>24.0</ele>
      </trkpt>
      <trkpt lat="40.19933" lon="-124.27734">
        <ele>24.0</ele>
      </trkpt>
      <trkpt lat="40.199239" lon="-124.276864">
        <ele>24.0</ele>
      </trkpt>
      <trkpt lat="40.199033" lon="-124.276185">
        <ele>7.0</ele>
      </trkpt>
      <trkpt lat="40.198719" lon="-124.275469">
        <ele>9.0</ele>
      </trkpt>
      <trkpt lat="40.198721" lon="-124.275467">
        <ele>9.0</ele>
      </trkpt>
      <trkpt lat="40.19863" lon="-124.27527">
        <ele>9.0</ele>
      </trkpt>
      <trkpt lat="40.198126" lon="-124.274377">
        <ele>8.0</ele>
      </trkpt>
      <trkpt lat="40.198127" lon="-124.274378">
        <ele>8.0</ele>
      </trkpt>
      <trkpt lat="40.197867" lon="-124.273917">
        <ele>10.0</ele>
      </trkpt>
      <trkpt lat="40.197705" lon="-124.273613">
        <ele>10.0</ele>
      </trkpt>
      <trkpt lat="40.19767" lon="-124.273551">
        <ele>10.0</ele>
      </trkpt>
      <trkpt lat="40.197664" lon="-124.273557">
        <ele>10.0</ele>
      </trkpt>
      <trkpt lat="40.19766" lon="-124.27355">
        <ele>10.0</ele>
      </trkpt>
      <trkpt lat="40.19766" lon="-124.27355">
        <ele>10.0</ele>
      </trkpt>
      <trkpt lat="40.19739" lon="-124.27302">
        <ele>6.0</ele>
      </trkpt>
      <trkpt lat="40.1973" lon="-124.272921">
        <ele>6.0</ele>
      </trkpt>
      <trkpt lat="40.197299" lon="-124.272919">
        <ele>6.0</ele>
      </trkpt>
      <trkpt lat="40.196929" lon="-124.272511">
        <ele>6.0</ele>
      </trkpt>
      <trkpt lat="40.19693" lon="-124.272512">
        <ele>6.0</ele>
      </trkpt>
      <trkpt lat="40.19691" lon="-124.27249">
        <ele>17.0</ele>
      </trkpt>
      <trkpt lat="40.19631" lon="-124.27122">
        <ele>12.0</ele>
      </trkpt>
      <trkpt lat="40.196305" lon="-124.271212">
        <ele>12.0</ele>
      </trkpt>
      <trkpt lat="40.196305" lon="-124.271213">
        <ele>12.0</ele>
      </trkpt>
      <trkpt lat="40.19615" lon="-124.27098">
        <ele>12.0</ele>
      </trkpt>
      <trkpt lat="40.19604" lon="-124.27059">
        <ele>34.0</ele>
      </trkpt>
      <trkpt lat="40.196" lon="-124.27039">
        <ele>34.0</ele>
      </trkpt>
      <trkpt lat="40.19566" lon="-124.27025">
        <ele>6.0</ele>
      </trkpt>
      <trkpt lat="40.19566" lon="-124.27025">
        <ele>6.0</ele>
      </trkpt>
      <trkpt lat="40.195638" lon="-124.270245">
        <ele>6.0</ele>
      </trkpt>
      <trkpt lat="40.195638" lon="-124.270245">
        <ele>6.0</ele>
      </trkpt>
      <trkpt lat="40.19548" lon="-124.27021">
        <ele>6.0</ele>
      </trkpt>
      <trkpt lat="40.19536" lon="-124.27007">
        <ele>6.0</ele>
      </trkpt>
      <trkpt lat="40.19526" lon="-124.27">
        <ele>24.0</ele>
      </trkpt>
      <trkpt lat="40.19477" lon="-124.26974">
        <ele>8.0</ele>
      </trkpt>
      <trkpt lat="40.19464" lon="-124.26963">
        <ele>8.0</ele>
      </trkpt>
      <trkpt lat="40.19457" lon="-124.26952">
        <ele>8.0</ele>
      </trkpt>
      <trkpt lat="40.19393" lon="-124.26924">
        <ele>0.0</ele>
      </trkpt>
      <trkpt lat="40.19383" lon="-124.26911">
        <ele>13.0</ele>
      </trkpt>
      <trkpt lat="40.1938" lon="-124.26901">
        <ele>13.0</ele>
      </trkpt>
      <trkpt lat="40.19383" lon="-124.26883">
        <ele>13.0</ele>
      </trkpt>
      <trkpt lat="40.193823" lon="-124.268814">
        <ele>13.0</ele>
      </trkpt>
      <trkpt lat="40.193823" lon="-124.268813">
        <ele>13.0</ele>
      </trkpt>
      <trkpt lat="40.1938" lon="-124.26876">
        <ele>13.0</ele>
      </trkpt>
      <trkpt lat="40.19375" lon="-124.26873">
        <ele>13.0</ele>
      </trkpt>
      <trkpt lat="40.19354" lon="-124.26879">
        <ele>13.0</ele>
      </trkpt>
      <trkpt lat="40.19337" lon="-124.26867">
        <ele>13.0</ele>
      </trkpt>
      <trkpt lat="40.19315" lon="-124.26826">
        <ele>10.0</ele>
      </trkpt>
      <trkpt lat="40.19302" lon="-124.26808">
        <ele>10.0</ele>
      </trkpt>
      <trkpt lat="40.192447" lon="-124.267491">
        <ele>7.0</ele>
      </trkpt>
      <trkpt lat="40.192447" lon="-124.267491">
        <ele>7.0</ele>
      </trkpt>
      <trkpt lat="40.19231" lon="-124.26735">
        <ele>7.0</ele>
      </trkpt>
      <trkpt lat="40.19205" lon="-124.267">
        <ele>7.0</ele>
      </trkpt>
      <trkpt lat="40.19171" lon="-124.26664">
        <ele>21.0</ele>
      </trkpt>
      <trkpt lat="40.19123" lon="-124.26619">
        <ele>8.0</ele>
      </trkpt>
      <trkpt lat="40.19052" lon="-124.26516">
        <ele>7.0</ele>
      </trkpt>
      <trkpt lat="40.19052" lon="-124.26516">
        <ele>7.0</ele>
      </trkpt>
      <trkpt lat="40.19052" lon="-124.26516">
        <ele>7.0</ele>
      </trkpt>
      <trkpt lat="40.19039" lon="-124.26491">
        <ele>17.0</ele>
      </trkpt>
      <trkpt lat="40.190271" lon="-124.264753">
        <ele>17.0</ele>
      </trkpt>
      <trkpt lat="40.190272" lon="-124.264754">
        <ele>17.0</ele>
      </trkpt>
      <trkpt lat="40.1902" lon="-124.26466">
        <ele>17.0</ele>
      </trkpt>
      <trkpt lat="40.19011" lon="-124.26443">
        <ele>17.0</ele>
      </trkpt>
      <trkpt lat="40.18987" lon="-124.26417">
        <ele>10.0</ele>
      </trkpt>
      <trkpt lat="40.18966" lon="-124.26371">
        <ele>10.0</ele>
      </trkpt>
      <trkpt lat="40.189351" lon="-124.263118">
        <ele>24.0</ele>
      </trkpt>
      <trkpt lat="40.189352" lon="-124.26312">
        <ele>24.0</ele>
      </trkpt>
      <trkpt lat="40.1893" lon="-124.26302">
        <ele>24.0</ele>
      </trkpt>
      <trkpt lat="40.18915" lon="-124.26259">
        <ele>5.0</ele>
      </trkpt>
      <trkpt lat="40.18868" lon="-124.26171">
        <ele>7.0</ele>
      </trkpt>
      <trkpt lat="40.18845" lon="-124.26143">
        <ele>13.0</ele>
      </trkpt>
      <trkpt lat="40.18795" lon="-124.26094">
        <ele>6.0</ele>
      </trkpt>
      <trkpt lat="40.18768" lon="-124.26063">
        <ele>9.0</ele>
      </trkpt>
      <trkpt lat="40.18742" lon="-124.260272">
        <ele>6.0</ele>
      </trkpt>
      <trkpt lat="40.187419" lon="-124.260272">
        <ele>6.0</ele>
      </trkpt>
      <trkpt lat="40.18709" lon="-124.25982">
        <ele>9.0</ele>
      </trkpt>
      <trkpt lat="40.18635" lon="-124.25875">
        <ele>8.0</ele>
      </trkpt>
      <trkpt lat="40.186125" lon="-124.258475">
        <ele>8.0</ele>
      </trkpt>
      <trkpt lat="40.186124" lon="-124.258475">
        <ele>8.0</ele>
      </trkpt>
      <trkpt lat="40.18603" lon="-124.25836">
        <ele>8.0</ele>
      </trkpt>
      <trkpt lat="40.185834" lon="-124.258008">
        <ele>12.0</ele>
      </trkpt>
      <trkpt lat="40.185835" lon="-124.25801">
        <ele>12.0</ele>
      </trkpt>
      <trkpt lat="40.18583" lon="-124.258">
        <ele>12.0</ele>
      </trkpt>
      <trkpt lat="40.18563" lon="-124.2578">
        <ele>7.0</ele>
      </trkpt>
      <trkpt lat="40.18501" lon="-124.25732">
        <ele>10.0</ele>
      </trkpt>
      <trkpt lat="40.18488" lon="-124.25691">
        <ele>5.0</ele>
      </trkpt>
      <trkpt lat="40.184606" lon="-124.256572">
        <ele>7.0</ele>
      </trkpt>
      <trkpt lat="40.184607" lon="-124.256573">
        <ele>7.0</ele>
      </trkpt>
      <trkpt lat="40.18458" lon="-124.25654">
        <ele>7.0</ele>
      </trkpt>
      <trkpt lat="40.18439" lon="-124.25624">
        <ele>7.0</ele>
      </trkpt>
      <trkpt lat="40.18428" lon="-124.25598">
        <ele>7.0</ele>
      </trkpt>
      <trkpt lat="40.184273" lon="-124.255977">
        <ele>7.0</ele>
      </trkpt>
      <trkpt lat="40.184203" lon="-124.255849">
        <ele>7.0</ele>
      </trkpt>
      <trkpt lat="40.184219" lon="-124.25576">
        <ele>10.0</ele>
      </trkpt>
      <trkpt lat="40.184275" lon="-124.255677">
        <ele>10.0</ele>
      </trkpt>
      <trkpt lat="40.184318" lon="-124.255548">
        <ele>10.0</ele>
      </trkpt>
      <trkpt lat="40.184375" lon="-124.255457">
        <ele>10.0</ele>
      </trkpt>
      <trkpt lat="40.18434" lon="-124.25535">
        <ele>10.0</ele>
      </trkpt>
      <trkpt lat="40.184318" lon="-124.255224">
        <ele>10.0</ele>
      </trkpt>
      <trkpt lat="40.18433" lon="-124.25514">
        <ele>10.0</ele>
      </trkpt>
      <trkpt lat="40.184348" lon="-124.255081">
        <ele>10.0</ele>
      </trkpt>
      <trkpt lat="40.184291" lon="-124.255087">
        <ele>10.0</ele>
      </trkpt>
      <trkpt lat="40.184221" lon="-124.255068">
        <ele>10.0</ele>
      </trkpt>
      <trkpt lat="40.184123" lon="-124.255041">
        <ele>6.0</ele>
      </trkpt>
      <trkpt lat="40.184053" lon="-124.255033">
        <ele>6.0</ele>
      </trkpt>
      <trkpt lat="40.18398" lon="-124.255047">
        <ele>6.0</ele>
      </trkpt>
      <trkpt lat="40.183932" lon="-124.255087">
        <ele>6.0</ele>
      </trkpt>
      <trkpt lat="40.183859" lon="-124.254947">
        <ele>8.0</ele>
      </trkpt>
      <trkpt lat="40.183775" lon="-124.254821">
        <ele>8.0</ele>
      </trkpt>
      <trkpt lat="40.183771" lon="-124.254824">
        <ele>8.0</ele>
      </trkpt>
      <trkpt lat="40.18359" lon="-124.25447">
        <ele>8.0</ele>
      </trkpt>
      <trkpt lat="40.183544" lon="-124.25424">
        <ele>8.0</ele>
      </trkpt>
      <trkpt lat="40.183544" lon="-124.254242">
        <ele>8.0</ele>
      </trkpt>
      <trkpt lat="40.18353" lon="-124.25417">
        <ele>8.0</ele>
      </trkpt>
      <trkpt lat="40.183447" lon="-124.254013">
        <ele>13.0</ele>
      </trkpt>
      <trkpt lat="40.183447" lon="-124.254013">
        <ele>13.0</ele>
      </trkpt>
      <trkpt lat="40.18334" lon="-124.25381">
        <ele>13.0</ele>
      </trkpt>
      <trkpt lat="40.183295" lon="-124.253658">
        <ele>6.0</ele>
      </trkpt>
      <trkpt lat="40.183296" lon="-124.25366">
        <ele>6.0</ele>
      </trkpt>
      <trkpt lat="40.18329" lon="-124.25364">
        <ele>6.0</ele>
      </trkpt>
      <trkpt lat="40.18305" lon="-124.25319">
        <ele>7.0</ele>
      </trkpt>
      <trkpt lat="40.18296" lon="-124.25292">
        <ele>7.0</ele>
      </trkpt>
      <trkpt lat="40.18296" lon="-124.25276">
        <ele>7.0</ele>
      </trkpt>
      <trkpt lat="40.182946" lon="-124.252718">
        <ele>7.0</ele>
      </trkpt>
      <trkpt lat="40.182947" lon="-124.252719">
        <ele>7.0</ele>
      </trkpt>
      <trkpt lat="40.18272" lon="-124.25203">
        <ele>7.0</ele>
      </trkpt>
      <trkpt lat="40.18258" lon="-124.25188">
        <ele>7.0</ele>
      </trkpt>
      <trkpt lat="40.18251" lon="-124.25168">
        <ele>7.0</ele>
      </trkpt>
      <trkpt lat="40.182129" lon="-124.251059">
        <ele>6.0</ele>
      </trkpt>
      <trkpt lat="40.182129" lon="-124.251061">
        <ele>6.0</ele>
      </trkpt>
      <trkpt lat="40.18208" lon="-124.25098">
        <ele>6.0</ele>
      </trkpt>
      <trkpt lat="40.18208" lon="-124.25098">
        <ele>6.0</ele>
      </trkpt>
      <trkpt lat="40.18158" lon="-124.2502">
        <ele>2.0</ele>
      </trkpt>
      <trkpt lat="40.18108" lon="-124.24908">
        <ele>11.0</ele>
      </trkpt>
      <trkpt lat="40.181013" lon="-124.248926">
        <ele>11.0</ele>
      </trkpt>
      <trkpt lat="40.181014" lon="-124.248928">
        <ele>11.0</ele>
      </trkpt>
      <trkpt lat="40.18101" lon="-124.24892">
        <ele>11.0</ele>
      </trkpt>
      <trkpt lat="40.18103" lon="-124.24871">
        <ele>11.0</ele>
      </trkpt>
      <trkpt lat="40.18102" lon="-124.2484">
        <ele>11.0</ele>
      </trkpt>
      <trkpt lat="40.18102" lon="-124.2484">
        <ele>11.0</ele>
      </trkpt>
      <trkpt lat="40.181018" lon="-124.248394">
        <ele>11.0</ele>
      </trkpt>
      <trkpt lat="40.181018" lon="-124.248396">
        <ele>11.0</ele>
      </trkpt>
      <trkpt lat="40.18095" lon="-124.24822">
        <ele>17.0</ele>
      </trkpt>
      <trkpt lat="40.18092" lon="-124.24784">
        <ele>17.0</ele>
      </trkpt>
      <trkpt lat="40.18081" lon="-124.24764">
        <ele>6.0</ele>
      </trkpt>
      <trkpt lat="40.18074" lon="-124.24711">
        <ele>9.0</ele>
      </trkpt>
      <trkpt lat="40.18068" lon="-124.2469">
        <ele>9.0</ele>
      </trkpt>
      <trkpt lat="40.1804" lon="-124.24656">
        <ele>16.0</ele>
      </trkpt>
      <trkpt lat="40.180357" lon="-124.246483">
        <ele>16.0</ele>
      </trkpt>
      <trkpt lat="40.180358" lon="-124.246484">
        <ele>16.0</ele>
      </trkpt>
      <trkpt lat="40.1803" lon="-124.24638">
        <ele>16.0</ele>
      </trkpt>
      <trkpt lat="40.17956" lon="-124.24459">
        <ele>19.0</ele>
      </trkpt>
      <trkpt lat="40.179542" lon="-124.244553">
        <ele>19.0</ele>
      </trkpt>
      <trkpt lat="40.179346" lon="-124.244363">
        <ele>19.0</ele>
      </trkpt>
      <trkpt lat="40.179332" lon="-124.244076">
        <ele>41.0</ele>
      </trkpt>
      <trkpt lat="40.179326" lon="-124.244077">
        <ele>41.0</ele>
      </trkpt>
      <trkpt lat="40.1793" lon="-124.24384">
        <ele>41.0</ele>
      </trkpt>
      <trkpt lat="40.179215" lon="-124.243448">
        <ele>41.0</ele>
      </trkpt>
      <trkpt lat="40.179215" lon="-124.24345">
        <ele>41.0</ele>
      </trkpt>
      <trkpt lat="40.1792" lon="-124.24338">
        <ele>41.0</ele>
      </trkpt>
      <trkpt lat="40.17887" lon="-124.24295">
        <ele>13.0</ele>
      </trkpt>
      <trkpt lat="40.17887" lon="-124.24295">
        <ele>13.0</ele>
      </trkpt>
      <trkpt lat="40.17875" lon="-124.24278">
        <ele>13.0</ele>
      </trkpt>
      <trkpt lat="40.17869" lon="-124.24264">
        <ele>13.0</ele>
      </trkpt>
      <trkpt lat="40.178689" lon="-124.242636">
        <ele>13.0</ele>
      </trkpt>
      <trkpt lat="40.17869" lon="-124.242638">
        <ele>13.0</ele>
      </trkpt>
      <trkpt lat="40.17865" lon="-124.24246">
        <ele>30.0</ele>
      </trkpt>
      <trkpt lat="40.17839" lon="-124.24167">
        <ele>54.0</ele>
      </trkpt>
      <trkpt lat="40.17823" lon="-124.24088">
        <ele>8.0</ele>
      </trkpt>
      <trkpt lat="40.178151" lon="-124.24066">
        <ele>16.0</ele>
      </trkpt>
      <trkpt lat="40.178152" lon="-124.240661">
        <ele>16.0</ele>
      </trkpt>
      <trkpt lat="40.17788" lon="-124.2399">
        <ele>28.0</ele>
      </trkpt>
      <trkpt lat="40.17763" lon="-124.2393">
        <ele>28.0</ele>
      </trkpt>
      <trkpt lat="40.177538" lon="-124.23898">
        <ele>41.0</ele>
      </trkpt>
      <trkpt lat="40.177538" lon="-124.238981">
        <ele>41.0</ele>
      </trkpt>
      <trkpt lat="40.17735" lon="-124.23833">
        <ele>16.0</ele>
      </trkpt>
      <trkpt lat="40.17703" lon="-124.237669">
        <ele>16.0</ele>
      </trkpt>
      <trkpt lat="40.177031" lon="-124.23767">
        <ele>16.0</ele>
      </trkpt>
      <trkpt lat="40.17689" lon="-124.23738">
        <ele>24.0</ele>
      </trkpt>
      <trkpt lat="40.17675" lon="-124.23716">
        <ele>24.0</ele>
      </trkpt>
      <trkpt lat="40.17654" lon="-124.23693">
        <ele>8.0</ele>
      </trkpt>
      <trkpt lat="40.17632" lon="-124.23626">
        <ele>14.0</ele>
      </trkpt>
      <trkpt lat="40.17604" lon="-124.2357">
        <ele>23.0</ele>
      </trkpt>
      <trkpt lat="40.1758" lon="-124.23548">
        <ele>7.0</ele>
      </trkpt>
      <trkpt lat="40.17564" lon="-124.23521">
        <ele>7.0</ele>
      </trkpt>
      <trkpt lat="40.17538" lon="-124.23496">
        <ele>16.0</ele>
      </trkpt>
      <trkpt lat="40.1753" lon="-124.2348">
        <ele>16.0</ele>
      </trkpt>
      <trkpt lat="40.175179" lon="-124.234423">
        <ele>16.0</ele>
      </trkpt>
      <trkpt lat="40.175179" lon="-124.234424">
        <ele>16.0</ele>
      </trkpt>
      <trkpt lat="40.17485" lon="-124.2334">
        <ele>9.0</ele>
      </trkpt>
      <trkpt lat="40.17485" lon="-124.2334">
        <ele>9.0</ele>
      </trkpt>
      <trkpt lat="40.17481" lon="-124.23328">
        <ele>14.0</ele>
      </trkpt>
      <trkpt lat="40.1747" lon="-124.23312">
        <ele>14.0</ele>
      </trkpt>
      <trkpt lat="40.17447" lon="-124.23288">
        <ele>14.0</ele>
      </trkpt>
      <trkpt lat="40.174429" lon="-124.232821">
        <ele>14.0</ele>
      </trkpt>
      <trkpt lat="40.17443" lon="-124.232822">
        <ele>14.0</ele>
      </trkpt>
      <trkpt lat="40.17433" lon="-124.23268">
        <ele>14.0</ele>
      </trkpt>
      <trkpt lat="40.17433" lon="-124.23268">
        <ele>14.0</ele>
      </trkpt>
      <trkpt lat="40.17433" lon="-124.23268">
        <ele>14.0</ele>
      </trkpt>
      <trkpt lat="40.17418" lon="-124.23259">
        <ele>14.0</ele>
      </trkpt>
      <trkpt lat="40.1735" lon="-124.23201">
        <ele>14.0</ele>
      </trkpt>
      <trkpt lat="40.17324" lon="-124.23174">
        <ele>0.0</ele>
      </trkpt>
      <trkpt lat="40.17298" lon="-124.23139">
        <ele>15.0</ele>
      </trkpt>
      <trkpt lat="40.17262" lon="-124.23085">
        <ele>15.0</ele>
      </trkpt>
      <trkpt lat="40.17258" lon="-124.23063">
        <ele>33.0</ele>
      </trkpt>
      <trkpt lat="40.17258" lon="-124.23048">
        <ele>33.0</ele>
      </trkpt>
      <trkpt lat="40.17258" lon="-124.23048">
        <ele>33.0</ele>
      </trkpt>
      <trkpt lat="40.17258" lon="-124.23025">
        <ele>33.0</ele>
      </trkpt>
      <trkpt lat="40.17252" lon="-124.23005">
        <ele>33.0</ele>
      </trkpt>
      <trkpt lat="40.17245" lon="-124.22991">
        <ele>15.0</ele>
      </trkpt>
      <trkpt lat="40.17228" lon="-124.22975">
        <ele>15.0</ele>
      </trkpt>
      <trkpt lat="40.17221" lon="-124.22972">
        <ele>15.0</ele>
      </trkpt>
      <trkpt lat="40.17213" lon="-124.2296">
        <ele>15.0</ele>
      </trkpt>
      <trkpt lat="40.17201" lon="-124.22961">
        <ele>15.0</ele>
      </trkpt>
      <trkpt lat="40.17189" lon="-124.22971">
        <ele>15.0</ele>
      </trkpt>
      <trkpt lat="40.17176" lon="-124.22975">
        <ele>15.0</ele>
      </trkpt>
      <trkpt lat="40.17162" lon="-124.22973">
        <ele>7.0</ele>
      </trkpt>
      <trkpt lat="40.171391" lon="-124.229564">
        <ele>7.0</ele>
      </trkpt>
      <trkpt lat="40.171392" lon="-124.229565">
        <ele>7.0</ele>
      </trkpt>
      <trkpt lat="40.17133" lon="-124.22952">
        <ele>7.0</ele>
      </trkpt>
      <trkpt lat="40.17095" lon="-124.22921">
        <ele>7.0</ele>
      </trkpt>
      <trkpt lat="40.17082" lon="-124.22905">
        <ele>9.0</ele>
      </trkpt>
      <trkpt lat="40.17041" lon="-124.22832">
        <ele>13.0</ele>
      </trkpt>
      <trkpt lat="40.169987" lon="-124.22784">
        <ele>6.0</ele>
      </trkpt>
      <trkpt lat="40.169989" lon="-124.227841">
        <ele>6.0</ele>
      </trkpt>
      <trkpt lat="40.16982" lon="-124.22765">
        <ele>6.0</ele>
      </trkpt>
      <trkpt lat="40.16915" lon="-124.22694">
        <ele>6.0</ele>
      </trkpt>
      <trkpt lat="40.16876" lon="-124.2266">
        <ele>10.0</ele>
      </trkpt>
      <trkpt lat="40.16855" lon="-124.22637">
        <ele>10.0</ele>
      </trkpt>
      <trkpt lat="40.16809" lon="-124.22584">
        <ele>5.0</ele>
      </trkpt>
      <trkpt lat="40.16793" lon="-124.22551">
        <ele>10.0</ele>
      </trkpt>
      <trkpt lat="40.167899" lon="-124.225404">
        <ele>10.0</ele>
      </trkpt>
      <trkpt lat="40.1679" lon="-124.225407">
        <ele>10.0</ele>
      </trkpt>
      <trkpt lat="40.167877" lon="-124.225326">
        <ele>10.0</ele>
      </trkpt>
      <trkpt lat="40.16787" lon="-124.22533">
        <ele>10.0</ele>
      </trkpt>
      <trkpt lat="40.1677" lon="-124.22511">
        <ele>10.0</ele>
      </trkpt>
      <trkpt lat="40.16752" lon="-124.22501">
        <ele>10.0</ele>
      </trkpt>
      <trkpt lat="40.167364" lon="-124.224862">
        <ele>5.0</ele>
      </trkpt>
      <trkpt lat="40.167365" lon="-124.224863">
        <ele>5.0</ele>
      </trkpt>
      <trkpt lat="40.16713" lon="-124.22464">
        <ele>5.0</ele>
      </trkpt>
      <trkpt lat="40.16693" lon="-124.22431">
        <ele>5.0</ele>
      </trkpt>
      <trkpt lat="40.16693" lon="-124.22431">
        <ele>5.0</ele>
      </trkpt>
      <trkpt lat="40.16693" lon="-124.22431">
        <ele>5.0</ele>
      </trkpt>
      <trkpt lat="40.16693" lon="-124.22431">
        <ele>5.0</ele>
      </trkpt>
      <trkpt lat="40.16693" lon="-124.22431">
        <ele>5.0</ele>
      </trkpt>
      <trkpt lat="40.16693" lon="-124.22431">
        <ele>5.0</ele>
      </trkpt>
      <trkpt lat="40.16693" lon="-124.22431">
        <ele>5.0</ele>
      </trkpt>
      <trkpt lat="40.166565" lon="-124.223652">
        <ele>2.0</ele>
      </trkpt>
      <trkpt lat="40.166567" lon="-124.223655">
        <ele>2.0</ele>
      </trkpt>
      <trkpt lat="40.16642" lon="-124.22339">
        <ele>2.0</ele>
      </trkpt>
      <trkpt lat="40.165695" lon="-124.222557">
        <ele>0.0</ele>
      </trkpt>
      <trkpt lat="40.165696" lon="-124.222558">
        <ele>0.0</ele>
      </trkpt>
      <trkpt lat="40.16568" lon="-124.22254">
        <ele>0.0</ele>
      </trkpt>
      <trkpt lat="40.16545" lon="-124.22201">
        <ele>3.0</ele>
      </trkpt>
      <trkpt lat="40.165231" lon="-124.221329">
        <ele>6.0</ele>
      </trkpt>
      <trkpt lat="40.16523" lon="-124.221324">
        <ele>6.0</ele>
      </trkpt>
      <trkpt lat="40.16511" lon="-124.22095">
        <ele>6.0</ele>
      </trkpt>
      <trkpt lat="40.16497" lon="-124.22073">
        <ele>0.0</ele>
      </trkpt>
      <trkpt lat="40.16479" lon="-124.2205">
        <ele>0.0</ele>
      </trkpt>
      <trkpt lat="40.164574" lon="-124.219989">
        <ele>7.0</ele>
      </trkpt>
      <trkpt lat="40.164576" lon="-124.219992">
        <ele>7.0</ele>
      </trkpt>
      <trkpt lat="40.16444" lon="-124.21967">
        <ele>7.0</ele>
      </trkpt>
      <trkpt lat="40.16421" lon="-124.2193">
        <ele>7.0</ele>
      </trkpt>
      <trkpt lat="40.164073" lon="-124.218495">
        <ele>0.0</ele>
      </trkpt>
      <trkpt lat="40.163846" lon="-124.217691">
        <ele>11.0</ele>
      </trkpt>
      <trkpt lat="40.163567" lon="-124.21728">
        <ele>25.0</ele>
      </trkpt>
      <trkpt lat="40.163455" lon="-124.217146">
        <ele>25.0</ele>
      </trkpt>
      <trkpt lat="40.163405" lon="-124.217036">
        <ele>25.0</ele>
      </trkpt>
      <trkpt lat="40.163296" lon="-124.216818">
        <ele>0.0</ele>
      </trkpt>
      <trkpt lat="40.163184" lon="-124.216259">
        <ele>11.0</ele>
      </trkpt>
      <trkpt lat="40.162722" lon="-124.215692">
        <ele>37.0</ele>
      </trkpt>
      <trkpt lat="40.162459" lon="-124.215369">
        <ele>6.0</ele>
      </trkpt>
      <trkpt lat="40.162256" lon="-124.215214">
        <ele>6.0</ele>
      </trkpt>
      <trkpt lat="40.162117" lon="-124.215063">
        <ele>6.0</ele>
      </trkpt>
      <trkpt lat="40.16169" lon="-124.2149">
        <ele>36.0</ele>
      </trkpt>
      <trkpt lat="40.16169" lon="-124.2149">
        <ele>36.0</ele>
      </trkpt>
      <trkpt lat="40.161704" lon="-124.214908">
        <ele>36.0</ele>
      </trkpt>
      <trkpt lat="40.161705" lon="-124.214908">
        <ele>36.0</ele>
      </trkpt>
      <trkpt lat="40.16169" lon="-124.2149">
        <ele>36.0</ele>
      </trkpt>
      <trkpt lat="40.16169" lon="-124.2149">
        <ele>36.0</ele>
      </trkpt>
      <trkpt lat="40.16169" lon="-124.2149">
        <ele>36.0</ele>
      </trkpt>
      <trkpt lat="40.16147" lon="-124.21467">
        <ele>5.0</ele>
      </trkpt>
      <trkpt lat="40.16079" lon="-124.2142">
        <ele>0.0</ele>
      </trkpt>
      <trkpt lat="40.160562" lon="-124.214097">
        <ele>16.0</ele>
      </trkpt>
      <trkpt lat="40.160565" lon="-124.214099">
        <ele>16.0</ele>
      </trkpt>
      <trkpt lat="40.16008" lon="-124.21388">
        <ele>16.0</ele>
      </trkpt>
      <trkpt lat="40.16008" lon="-124.21388">
        <ele>16.0</ele>
      </trkpt>
      <trkpt lat="40.16008" lon="-124.21388">
        <ele>16.0</ele>
      </trkpt>
      <trkpt lat="40.15941" lon="-124.21364">
        <ele>0.0</ele>
      </trkpt>
      <trkpt lat="40.15923" lon="-124.21352">
        <ele>0.0</ele>
      </trkpt>
      <trkpt lat="40.15888" lon="-124.21319">
        <ele>8.0</ele>
      </trkpt>
      <trkpt lat="40.15871" lon="-124.21305">
        <ele>8.0</ele>
      </trkpt>
      <trkpt lat="40.15831" lon="-124.21274">
        <ele>0.0</ele>
      </trkpt>
      <trkpt lat="40.157872" lon="-124.212463">
        <ele>15.0</ele>
      </trkpt>
      <trkpt lat="40.157872" lon="-124.212463">
        <ele>15.0</ele>
      </trkpt>
      <trkpt lat="40.15782" lon="-124.21243">
        <ele>15.0</ele>
      </trkpt>
      <trkpt lat="40.15763" lon="-124.21224">
        <ele>15.0</ele>
      </trkpt>
      <trkpt lat="40.15746" lon="-124.2119">
        <ele>0.0</ele>
      </trkpt>
      <trkpt lat="40.15746" lon="-124.2119">
        <ele>0.0</ele>
      </trkpt>
      <trkpt lat="40.15719" lon="-124.21178">
        <ele>0.0</ele>
      </trkpt>
      <trkpt lat="40.15701" lon="-124.21158">
        <ele>12.0</ele>
      </trkpt>
      <trkpt lat="40.15691" lon="-124.21143">
        <ele>12.0</ele>
      </trkpt>
      <trkpt lat="40.15691" lon="-124.21143">
        <ele>12.0</ele>
      </trkpt>
      <trkpt lat="40.15682" lon="-124.21133">
        <ele>12.0</ele>
      </trkpt>
      <trkpt lat="40.156706" lon="-124.211134">
        <ele>12.0</ele>
      </trkpt>
      <trkpt lat="40.156706" lon="-124.211134">
        <ele>12.0</ele>
      </trkpt>
      <trkpt lat="40.156691" lon="-124.211108">
        <ele>12.0</ele>
      </trkpt>
      <trkpt lat="40.156692" lon="-124.21111">
        <ele>12.0</ele>
      </trkpt>
      <trkpt lat="40.15664" lon="-124.21102">
        <ele>0.0</ele>
      </trkpt>
      <trkpt lat="40.156444" lon="-124.21073">
        <ele>4.0</ele>
      </trkpt>
      <trkpt lat="40.156446" lon="-124.210732">
        <ele>4.0</ele>
      </trkpt>
      <trkpt lat="40.15612" lon="-124.21025">
        <ele>4.0</ele>
      </trkpt>
      <trkpt lat="40.156114" lon="-124.210237">
        <ele>4.0</ele>
      </trkpt>
      <trkpt lat="40.156114" lon="-124.210239">
        <ele>4.0</ele>
      </trkpt>
      <trkpt lat="40.15577" lon="-124.20956">
        <ele>3.0</ele>
      </trkpt>
      <trkpt lat="40.15566" lon="-124.20938">
        <ele>3.0</ele>
      </trkpt>
      <trkpt lat="40.15505" lon="-124.20866">
        <ele>25.0</ele>
      </trkpt>
      <trkpt lat="40.154952" lon="-124.208557">
        <ele>0.0</ele>
      </trkpt>
      <trkpt lat="40.154245" lon="-124.207775">
        <ele>15.0</ele>
      </trkpt>
      <trkpt lat="40.153026" lon="-124.207074">
        <ele>2.0</ele>
      </trkpt>
      <trkpt lat="40.152448" lon="-124.206591">
        <ele>3.0</ele>
      </trkpt>
      <trkpt lat="40.152005" lon="-124.206071">
        <ele>3.0</ele>
      </trkpt>
      <trkpt lat="40.151341" lon="-124.205148">
        <ele>3.0</ele>
      </trkpt>
      <trkpt lat="40.150652" lon="-124.20418">
        <ele>0.0</ele>
      </trkpt>
      <trkpt lat="40.150517" lon="-124.203963">
        <ele>10.0</ele>
      </trkpt>
      <trkpt lat="40.150472" lon="-124.203839">
        <ele>10.0</ele>
      </trkpt>
      <trkpt lat="40.150479" lon="-124.203836">
        <ele>10.0</ele>
      </trkpt>
      <trkpt lat="40.15045" lon="-124.20375">
        <ele>10.0</ele>
      </trkpt>
      <trkpt lat="40.15033" lon="-124.20349">
        <ele>10.0</ele>
      </trkpt>
      <trkpt lat="40.15001" lon="-124.203248">
        <ele>38.0</ele>
      </trkpt>
      <trkpt lat="40.14978" lon="-124.20312">
        <ele>19.0</ele>
      </trkpt>
      <trkpt lat="40.14939" lon="-124.203">
        <ele>19.0</ele>
      </trkpt>
      <trkpt lat="40.14916" lon="-124.20297">
        <ele>5.0</ele>
      </trkpt>
      <trkpt lat="40.14881" lon="-124.20285">
        <ele>5.0</ele>
      </trkpt>
      <trkpt lat="40.14831" lon="-124.20245">
        <ele>14.0</ele>
      </trkpt>
      <trkpt lat="40.14769" lon="-124.20166">
        <ele>38.0</ele>
      </trkpt>
      <trkpt lat="40.14728" lon="-124.20136">
        <ele>15.0</ele>
      </trkpt>
      <trkpt lat="40.14712" lon="-124.2011">
        <ele>15.0</ele>
      </trkpt>
      <trkpt lat="40.14681" lon="-124.20084">
        <ele>15.0</ele>
      </trkpt>
      <trkpt lat="40.14662" lon="-124.20082">
        <ele>25.0</ele>
      </trkpt>
      <trkpt lat="40.14642" lon="-124.20068">
        <ele>25.0</ele>
      </trkpt>
      <trkpt lat="40.1462" lon="-124.20043">
        <ele>25.0</ele>
      </trkpt>
      <trkpt lat="40.14599" lon="-124.2003">
        <ele>25.0</ele>
      </trkpt>
      <trkpt lat="40.14571" lon="-124.20004">
        <ele>14.0</ele>
      </trkpt>
      <trkpt lat="40.14529" lon="-124.19908">
        <ele>54.0</ele>
      </trkpt>
      <trkpt lat="40.14529" lon="-124.19908">
        <ele>54.0</ele>
      </trkpt>
      <trkpt lat="40.14502" lon="-124.198642">
        <ele>54.0</ele>
      </trkpt>
      <trkpt lat="40.145023" lon="-124.198648">
        <ele>54.0</ele>
      </trkpt>
      <trkpt lat="40.145" lon="-124.19861">
        <ele>54.0</ele>
      </trkpt>
      <trkpt lat="40.14488" lon="-124.1983">
        <ele>38.0</ele>
      </trkpt>
      <trkpt lat="40.14478" lon="-124.19812">
        <ele>38.0</ele>
      </trkpt>
      <trkpt lat="40.14461" lon="-124.19804">
        <ele>38.0</ele>
      </trkpt>
      <trkpt lat="40.14448" lon="-124.1979">
        <ele>38.0</ele>
      </trkpt>
      <trkpt lat="40.14426" lon="-124.19784">
        <ele>38.0</ele>
      </trkpt>
      <trkpt lat="40.14406" lon="-124.19768">
        <ele>19.0</ele>
      </trkpt>
      <trkpt lat="40.14399" lon="-124.19757">
        <ele>19.0</ele>
      </trkpt>
      <trkpt lat="40.14376" lon="-124.19755">
        <ele>19.0</ele>
      </trkpt>
      <trkpt lat="40.14354" lon="-124.19767">
        <ele>19.0</ele>
      </trkpt>
      <trkpt lat="40.14339" lon="-124.19765">
        <ele>19.0</ele>
      </trkpt>
      <trkpt lat="40.14309" lon="-124.19746">
        <ele>14.0</ele>
      </trkpt>
      <trkpt lat="40.14299" lon="-124.19733">
        <ele>14.0</ele>
      </trkpt>
      <trkpt lat="40.14295" lon="-124.1972">
        <ele>14.0</ele>
      </trkpt>
      <trkpt lat="40.14293" lon="-124.19688">
        <ele>14.0</ele>
      </trkpt>
      <trkpt lat="40.14285" lon="-124.19666">
        <ele>16.0</ele>
      </trkpt>
      <trkpt lat="40.142744" lon="-124.196506">
        <ele>16.0</ele>
      </trkpt>
      <trkpt lat="40.142747" lon="-124.19651">
        <ele>16.0</ele>
      </trkpt>
      <trkpt lat="40.14274" lon="-124.1965">
        <ele>16.0</ele>
      </trkpt>
      <trkpt lat="40.14092" lon="-124.195">
        <ele>14.0</ele>
      </trkpt>
      <trkpt lat="40.14069" lon="-124.19464">
        <ele>8.0</ele>
      </trkpt>
      <trkpt lat="40.1405" lon="-124.19429">
        <ele>8.0</ele>
      </trkpt>
      <trkpt lat="40.14035" lon="-124.19409">
        <ele>13.0</ele>
      </trkpt>
      <trkpt lat="40.13946" lon="-124.19346">
        <ele>6.0</ele>
      </trkpt>
      <trkpt lat="40.13905" lon="-124.19329">
        <ele>9.0</ele>
      </trkpt>
      <trkpt lat="40.13872" lon="-124.19298">
        <ele>9.0</ele>
      </trkpt>
      <trkpt lat="40.138703" lon="-124.192929">
        <ele>9.0</ele>
      </trkpt>
      <trkpt lat="40.138704" lon="-124.192932">
        <ele>9.0</ele>
      </trkpt>
      <trkpt lat="40.13861" lon="-124.19265">
        <ele>9.0</ele>
      </trkpt>
      <trkpt lat="40.13807" lon="-124.19198">
        <ele>16.0</ele>
      </trkpt>
      <trkpt lat="40.13797" lon="-124.19203">
        <ele>16.0</ele>
      </trkpt>
      <trkpt lat="40.13785" lon="-124.19201">
        <ele>16.0</ele>
      </trkpt>
      <trkpt lat="40.13776" lon="-124.19195">
        <ele>16.0</ele>
      </trkpt>
      <trkpt lat="40.137732" lon="-124.191953">
        <ele>16.0</ele>
      </trkpt>
      <trkpt lat="40.137735" lon="-124.191953">
        <ele>16.0</ele>
      </trkpt>
      <trkpt lat="40.13759" lon="-124.19197">
        <ele>16.0</ele>
      </trkpt>
      <trkpt lat="40.13743" lon="-124.19192">
        <ele>0.0</ele>
      </trkpt>
      <trkpt lat="40.13725" lon="-124.19155">
        <ele>11.0</ele>
      </trkpt>
      <trkpt lat="40.13708" lon="-124.19128">
        <ele>11.0</ele>
      </trkpt>
      <trkpt lat="40.13679" lon="-124.19099">
        <ele>11.0</ele>
      </trkpt>
      <trkpt lat="40.13645" lon="-124.19056">
        <ele>7.0</ele>
      </trkpt>
      <trkpt lat="40.13626" lon="-124.19043">
        <ele>7.0</ele>
      </trkpt>
      <trkpt lat="40.13535" lon="-124.18945">
        <ele>6.0</ele>
      </trkpt>
      <trkpt lat="40.13535" lon="-124.18945">
        <ele>6.0</ele>
      </trkpt>
      <trkpt lat="40.13464" lon="-124.18868">
        <ele>6.0</ele>
      </trkpt>
      <trkpt lat="40.13376" lon="-124.18742">
        <ele>7.0</ele>
      </trkpt>
      <trkpt lat="40.133643" lon="-124.187177">
        <ele>7.0</ele>
      </trkpt>
      <trkpt lat="40.131494" lon="-124.179538">
        <ele>9.0</ele>
      </trkpt>
      <trkpt lat="40.130666" lon="-124.179817">
        <ele>7.0</ele>
      </trkpt>
      <trkpt lat="40.130663" lon="-124.179797">
        <ele>7.0</ele>
      </trkpt>
      <trkpt lat="40.13048" lon="-124.17985">
        <ele>7.0</ele>
      </trkpt>
      <trkpt lat="40.13016" lon="-124.18004">
        <ele>7.0</ele>
      </trkpt>
      <trkpt lat="40.13009" lon="-124.18002">
        <ele>7.0</ele>
      </trkpt>
      <trkpt lat="40.12997" lon="-124.17989">
        <ele>5.0</ele>
      </trkpt>
      <trkpt lat="40.12984" lon="-124.17962">
        <ele>5.0</ele>
      </trkpt>
      <trkpt lat="40.12953" lon="-124.1793">
        <ele>5.0</ele>
      </trkpt>
      <trkpt lat="40.12953" lon="-124.1793">
        <ele>5.0</ele>
      </trkpt>
      <trkpt lat="40.12953" lon="-124.1793">
        <ele>5.0</ele>
      </trkpt>
      <trkpt lat="40.12945" lon="-124.17904">
        <ele>5.0</ele>
      </trkpt>
      <trkpt lat="40.129442" lon="-124.179026">
        <ele>5.0</ele>
      </trkpt>
      <trkpt lat="40.129446" lon="-124.179032">
        <ele>5.0</ele>
      </trkpt>
      <trkpt lat="40.12934" lon="-124.17885">
        <ele>5.0</ele>
      </trkpt>
      <trkpt lat="40.12926" lon="-124.17862">
        <ele>5.0</ele>
      </trkpt>
      <trkpt lat="40.12918" lon="-124.17839">
        <ele>5.0</ele>
      </trkpt>
      <trkpt lat="40.12917" lon="-124.17822">
        <ele>6.0</ele>
      </trkpt>
      <trkpt lat="40.12898" lon="-124.17797">
        <ele>5.0</ele>
      </trkpt>
      <trkpt lat="40.12893" lon="-124.17781">
        <ele>5.0</ele>
      </trkpt>
      <trkpt lat="40.12886" lon="-124.17758">
        <ele>5.0</ele>
      </trkpt>
      <trkpt lat="40.12884" lon="-124.1772">
        <ele>6.0</ele>
      </trkpt>
      <trkpt lat="40.12877" lon="-124.17697">
        <ele>6.0</ele>
      </trkpt>
      <trkpt lat="40.12849" lon="-124.17651">
        <ele>6.0</ele>
      </trkpt>
      <trkpt lat="40.12849" lon="-124.17651">
        <ele>6.0</ele>
      </trkpt>
      <trkpt lat="40.128466" lon="-124.176461">
        <ele>6.0</ele>
      </trkpt>
      <trkpt lat="40.128464" lon="-124.176458">
        <ele>6.0</ele>
      </trkpt>
      <trkpt lat="40.12832" lon="-124.17617">
        <ele>4.0</ele>
      </trkpt>
      <trkpt lat="40.1283" lon="-124.17587">
        <ele>4.0</ele>
      </trkpt>
      <trkpt lat="40.12831" lon="-124.17558">
        <ele>3.0</ele>
      </trkpt>
      <trkpt lat="40.128262" lon="-124.175323">
        <ele>3.0</ele>
      </trkpt>
      <trkpt lat="40.128262" lon="-124.17532">
        <ele>3.0</ele>
      </trkpt>
      <trkpt lat="40.12826" lon="-124.17531">
        <ele>3.0</ele>
      </trkpt>
      <trkpt lat="40.12809" lon="-124.17507">
        <ele>3.0</ele>
      </trkpt>
      <trkpt lat="40.12756" lon="-124.17468">
        <ele>6.0</ele>
      </trkpt>
      <trkpt lat="40.127559" lon="-124.174681">
        <ele>6.0</ele>
      </trkpt>
      <trkpt lat="40.12735" lon="-124.17423">
        <ele>3.0</ele>
      </trkpt>
      <trkpt lat="40.1271" lon="-124.17382">
        <ele>6.0</ele>
      </trkpt>
      <trkpt lat="40.126324" lon="-124.173062">
        <ele>6.0</ele>
      </trkpt>
      <trkpt lat="40.126324" lon="-124.173061">
        <ele>6.0</ele>
      </trkpt>
      <trkpt lat="40.12622" lon="-124.17296">
        <ele>6.0</ele>
      </trkpt>
      <trkpt lat="40.12586" lon="-124.17206">
        <ele>7.0</ele>
      </trkpt>
      <trkpt lat="40.12588" lon="-124.1717">
        <ele>7.0</ele>
      </trkpt>
      <trkpt lat="40.12578" lon="-124.1714">
        <ele>7.0</ele>
      </trkpt>
      <trkpt lat="40.12577" lon="-124.17105">
        <ele>7.0</ele>
      </trkpt>
      <trkpt lat="40.12545" lon="-124.17057">
        <ele>8.0</ele>
      </trkpt>
      <trkpt lat="40.12475" lon="-124.16986">
        <ele>8.0</ele>
      </trkpt>
      <trkpt lat="40.12434" lon="-124.16854">
        <ele>8.0</ele>
      </trkpt>
      <trkpt lat="40.12414" lon="-124.16748">
        <ele>10.0</ele>
      </trkpt>
      <trkpt lat="40.12414" lon="-124.16748">
        <ele>10.0</ele>
      </trkpt>
      <trkpt lat="40.1241" lon="-124.167">
        <ele>10.0</ele>
      </trkpt>
      <trkpt lat="40.12367" lon="-124.16566">
        <ele>24.0</ele>
      </trkpt>
      <trkpt lat="40.12357" lon="-124.16494">
        <ele>28.0</ele>
      </trkpt>
      <trkpt lat="40.12356" lon="-124.164197">
        <ele>28.0</ele>
      </trkpt>
      <trkpt lat="40.123561" lon="-124.164202">
        <ele>28.0</ele>
      </trkpt>
      <trkpt lat="40.12356" lon="-124.16416">
        <ele>45.0</ele>
      </trkpt>
      <trkpt lat="40.12344" lon="-124.1639">
        <ele>45.0</ele>
      </trkpt>
      <trkpt lat="40.12297" lon="-124.16327">
        <ele>31.0</ele>
      </trkpt>
      <trkpt lat="40.1228" lon="-124.16282">
        <ele>31.0</ele>
      </trkpt>
      <trkpt lat="40.12265" lon="-124.16283">
        <ele>31.0</ele>
      </trkpt>
      <trkpt lat="40.12228" lon="-124.16187">
        <ele>8.0</ele>
      </trkpt>
      <trkpt lat="40.12219" lon="-124.1614">
        <ele>22.0</ele>
      </trkpt>
      <trkpt lat="40.12194" lon="-124.16053">
        <ele>41.0</ele>
      </trkpt>
      <trkpt lat="40.12191" lon="-124.15963">
        <ele>60.0</ele>
      </trkpt>
      <trkpt lat="40.12173" lon="-124.15884">
        <ele>76.0</ele>
      </trkpt>
      <trkpt lat="40.12158" lon="-124.15837">
        <ele>7.0</ele>
      </trkpt>
      <trkpt lat="40.1214" lon="-124.15756">
        <ele>19.0</ele>
      </trkpt>
      <trkpt lat="40.12132" lon="-124.15656">
        <ele>54.0</ele>
      </trkpt>
      <trkpt lat="40.12104" lon="-124.15532">
        <ele>69.0</ele>
      </trkpt>
      <trkpt lat="40.12068" lon="-124.15408">
        <ele>17.0</ele>
      </trkpt>
      <trkpt lat="40.12029" lon="-124.15316">
        <ele>54.0</ele>
      </trkpt>
      <trkpt lat="40.11994" lon="-124.15257">
        <ele>0.0</ele>
      </trkpt>
      <trkpt lat="40.11867" lon="-124.15102">
        <ele>17.0</ele>
      </trkpt>
      <trkpt lat="40.118459" lon="-124.150318">
        <ele>50.0</ele>
      </trkpt>
      <trkpt lat="40.118462" lon="-124.150328">
        <ele>50.0</ele>
      </trkpt>
      <trkpt lat="40.11779" lon="-124.14809">
        <ele>48.0</ele>
      </trkpt>
      <trkpt lat="40.1176" lon="-124.14614">
        <ele>84.0</ele>
      </trkpt>
      <trkpt lat="40.11764" lon="-124.14551">
        <ele>73.0</ele>
      </trkpt>
      <trkpt lat="40.11764" lon="-124.14551">
        <ele>73.0</ele>
      </trkpt>
      <trkpt lat="40.11772" lon="-124.14441">
        <ele>25.0</ele>
      </trkpt>
      <trkpt lat="40.11765" lon="-124.14296">
        <ele>47.0</ele>
      </trkpt>
      <trkpt lat="40.1164" lon="-124.13877">
        <ele>12.0</ele>
      </trkpt>
      <trkpt lat="40.11543" lon="-124.13694">
        <ele>9.0</ele>
      </trkpt>
      <trkpt lat="40.114903" lon="-124.135854">
        <ele>0.0</ele>
      </trkpt>
      <trkpt lat="40.114906" lon="-124.135861">
        <ele>0.0</ele>
      </trkpt>
      <trkpt lat="40.11458" lon="-124.13519">
        <ele>10.0</ele>
      </trkpt>
      <trkpt lat="40.11389" lon="-124.13412">
        <ele>18.0</ele>
      </trkpt>
      <trkpt lat="40.11366" lon="-124.13334">
        <ele>18.0</ele>
      </trkpt>
      <trkpt lat="40.11361" lon="-124.13241">
        <ele>75.0</ele>
      </trkpt>
      <trkpt lat="40.11353" lon="-124.13159">
        <ele>94.0</ele>
      </trkpt>
      <trkpt lat="40.1133" lon="-124.13051">
        <ele>0.0</ele>
      </trkpt>
      <trkpt lat="40.11296" lon="-124.12942">
        <ele>23.0</ele>
      </trkpt>
      <trkpt lat="40.11239" lon="-124.12847">
        <ele>0.0</ele>
      </trkpt>
      <trkpt lat="40.11181" lon="-124.12735">
        <ele>72.0</ele>
      </trkpt>
      <trkpt lat="40.111778" lon="-124.127278">
        <ele>72.0</ele>
      </trkpt>
      <trkpt lat="40.111783" lon="-124.12729">
        <ele>72.0</ele>
      </trkpt>
      <trkpt lat="40.11169" lon="-124.12708">
        <ele>72.0</ele>
      </trkpt>
      <trkpt lat="40.11169" lon="-124.12708">
        <ele>72.0</ele>
      </trkpt>
      <trkpt lat="40.11126" lon="-124.1261">
        <ele>27.0</ele>
      </trkpt>
      <trkpt lat="40.11061" lon="-124.12477">
        <ele>25.0</ele>
      </trkpt>
      <trkpt lat="40.10988" lon="-124.12354">
        <ele>0.0</ele>
      </trkpt>
      <trkpt lat="40.10988" lon="-124.12354">
        <ele>0.0</ele>
      </trkpt>
      <trkpt lat="40.10868" lon="-124.12152">
        <ele>24.0</ele>
      </trkpt>
      <trkpt lat="40.10862" lon="-124.12146">
        <ele>24.0</ele>
      </trkpt>
      <trkpt lat="40.10862" lon="-124.12146">
        <ele>24.0</ele>
      </trkpt>
      <trkpt lat="40.10862" lon="-124.12146">
        <ele>24.0</ele>
      </trkpt>
      <trkpt lat="40.10787" lon="-124.1203">
        <ele>11.0</ele>
      </trkpt>
      <trkpt lat="40.10722" lon="-124.11956">
        <ele>8.0</ele>
      </trkpt>
      <trkpt lat="40.10668" lon="-124.11878">
        <ele>52.0</ele>
      </trkpt>
      <trkpt lat="40.10641" lon="-124.11807">
        <ele>22.0</ele>
      </trkpt>
      <trkpt lat="40.10608" lon="-124.116624">
        <ele>65.0</ele>
      </trkpt>
      <trkpt lat="40.10608" lon="-124.116625">
        <ele>65.0</ele>
      </trkpt>
      <trkpt lat="40.1058" lon="-124.1154">
        <ele>11.0</ele>
      </trkpt>
      <trkpt lat="40.10526" lon="-124.11377">
        <ele>43.0</ele>
      </trkpt>
      <trkpt lat="40.10513" lon="-124.1131">
        <ele>80.0</ele>
      </trkpt>
      <trkpt lat="40.10473" lon="-124.11189">
        <ele>0.0</ele>
      </trkpt>
      <trkpt lat="40.10394" lon="-124.11047">
        <ele>0.0</ele>
      </trkpt>
      <trkpt lat="40.10342" lon="-124.10988">
        <ele>36.0</ele>
      </trkpt>
      <trkpt lat="40.10303" lon="-124.10939">
        <ele>0.0</ele>
      </trkpt>
      <trkpt lat="40.10251" lon="-124.10898">
        <ele>27.0</ele>
      </trkpt>
      <trkpt lat="40.10209" lon="-124.10879">
        <ele>0.0</ele>
      </trkpt>
      <trkpt lat="40.101224" lon="-124.108171">
        <ele>0.0</ele>
      </trkpt>
      <trkpt lat="40.101234" lon="-124.108178">
        <ele>0.0</ele>
      </trkpt>
      <trkpt lat="40.10058" lon="-124.10771">
        <ele>0.0</ele>
      </trkpt>
      <trkpt lat="40.10004" lon="-124.10725">
        <ele>11.0</ele>
      </trkpt>
      <trkpt lat="40.09894" lon="-124.10641">
        <ele>0.0</ele>
      </trkpt>
      <trkpt lat="40.09826" lon="-124.10614">
        <ele>0.0</ele>
      </trkpt>
      <trkpt lat="40.09751" lon="-124.1059">
        <ele>0.0</ele>
      </trkpt>
      <trkpt lat="40.09722" lon="-124.1057">
        <ele>0.0</ele>
      </trkpt>
      <trkpt lat="40.09653" lon="-124.10512">
        <ele>0.0</ele>
      </trkpt>
      <trkpt lat="40.09589" lon="-124.10442">
        <ele>0.0</ele>
      </trkpt>
      <trkpt lat="40.09528" lon="-124.1039">
        <ele>4.0</ele>
      </trkpt>
      <trkpt lat="40.09488" lon="-124.10367">
        <ele>0.0</ele>
      </trkpt>
      <trkpt lat="40.09488" lon="-124.10367">
        <ele>0.0</ele>
      </trkpt>
      <trkpt lat="40.09476" lon="-124.1036">
        <ele>0.0</ele>
      </trkpt>
      <trkpt lat="40.09429" lon="-124.10302">
        <ele>5.0</ele>
      </trkpt>
      <trkpt lat="40.09378" lon="-124.10227">
        <ele>4.0</ele>
      </trkpt>
      <trkpt lat="40.093632" lon="-124.102124">
        <ele>4.0</ele>
      </trkpt>
      <trkpt lat="40.09364" lon="-124.102132">
        <ele>4.0</ele>
      </trkpt>
      <trkpt lat="40.09306" lon="-124.10156">
        <ele>0.0</ele>
      </trkpt>
      <trkpt lat="40.09306" lon="-124.10156">
        <ele>0.0</ele>
      </trkpt>
      <trkpt lat="40.09206" lon="-124.10059">
        <ele>0.0</ele>
      </trkpt>
      <trkpt lat="40.09127" lon="-124.09966">
        <ele>0.0</ele>
      </trkpt>
      <trkpt lat="40.09092" lon="-124.09896">
        <ele>35.0</ele>
      </trkpt>
      <trkpt lat="40.09043" lon="-124.09825">
        <ele>16.0</ele>
      </trkpt>
      <trkpt lat="40.08865" lon="-124.09633">
        <ele>18.0</ele>
      </trkpt>
      <trkpt lat="40.08786" lon="-124.09568">
        <ele>18.0</ele>
      </trkpt>
      <trkpt lat="40.08688" lon="-124.09511">
        <ele>0.0</ele>
      </trkpt>
      <trkpt lat="40.08313" lon="-124.09266">
        <ele>0.0</ele>
      </trkpt>
      <trkpt lat="40.082475" lon="-124.092295">
        <ele>0.0</ele>
      </trkpt>
      <trkpt lat="40.082485" lon="-124.092301">
        <ele>0.0</ele>
      </trkpt>
      <trkpt lat="40.08234" lon="-124.09222">
        <ele>0.0</ele>
      </trkpt>
      <trkpt lat="40.08164" lon="-124.09081">
        <ele>3.0</ele>
      </trkpt>
      <trkpt lat="40.08148" lon="-124.0904">
        <ele>3.0</ele>
      </trkpt>
      <trkpt lat="40.08102" lon="-124.08979">
        <ele>17.0</ele>
      </trkpt>
      <trkpt lat="40.07965" lon="-124.08831">
        <ele>7.0</ele>
      </trkpt>
      <trkpt lat="40.07934" lon="-124.08789">
        <ele>7.0</ele>
      </trkpt>
      <trkpt lat="40.07887" lon="-124.08705">
        <ele>3.0</ele>
      </trkpt>
      <trkpt lat="40.07843" lon="-124.08658">
        <ele>17.0</ele>
      </trkpt>
      <trkpt lat="40.07807" lon="-124.08629">
        <ele>0.0</ele>
      </trkpt>
      <trkpt lat="40.07807" lon="-124.08629">
        <ele>0.0</ele>
      </trkpt>
      <trkpt lat="40.07783" lon="-124.0861">
        <ele>0.0</ele>
      </trkpt>
      <trkpt lat="40.07689" lon="-124.08572">
        <ele>0.0</ele>
      </trkpt>
      <trkpt lat="40.07648" lon="-124.08567">
        <ele>0.0</ele>
      </trkpt>
      <trkpt lat="40.07611" lon="-124.08554">
        <ele>0.0</ele>
      </trkpt>
      <trkpt lat="40.07511" lon="-124.08471">
        <ele>6.0</ele>
      </trkpt>
      <trkpt lat="40.07409" lon="-124.08427">
        <ele>0.0</ele>
      </trkpt>
      <trkpt lat="40.07409" lon="-124.08427">
        <ele>0.0</ele>
      </trkpt>
      <trkpt lat="40.07409" lon="-124.08427">
        <ele>0.0</ele>
      </trkpt>
      <trkpt lat="40.073932" lon="-124.084211">
        <ele>0.0</ele>
      </trkpt>
      <trkpt lat="40.073924" lon="-124.084208">
        <ele>0.0</ele>
      </trkpt>
      <trkpt lat="40.07339" lon="-124.08401">
        <ele>0.0</ele>
      </trkpt>
      <trkpt lat="40.07292" lon="-124.08377">
        <ele>0.0</ele>
      </trkpt>
      <trkpt lat="40.07091" lon="-124.08328">
        <ele>6.0</ele>
      </trkpt>
      <trkpt lat="40.06907" lon="-124.08212">
        <ele>0.0</ele>
      </trkpt>
      <trkpt lat="40.06858" lon="-124.08173">
        <ele>0.0</ele>
      </trkpt>
      <trkpt lat="40.068037" lon="-124.081375">
        <ele>0.0</ele>
      </trkpt>
      <trkpt lat="40.068029" lon="-124.081369">
        <ele>0.0</ele>
      </trkpt>
      <trkpt lat="40.06751" lon="-124.08103">
        <ele>0.0</ele>
      </trkpt>
      <trkpt lat="40.06701" lon="-124.08065">
        <ele>0.0</ele>
      </trkpt>
      <trkpt lat="40.06593" lon="-124.08017">
        <ele>0.0</ele>
      </trkpt>
      <trkpt lat="40.06503" lon="-124.07983">
        <ele>0.0</ele>
      </trkpt>
      <trkpt lat="40.06393" lon="-124.07965">
        <ele>0.0</ele>
      </trkpt>
      <trkpt lat="40.06297" lon="-124.07959">
        <ele>0.0</ele>
      </trkpt>
      <trkpt lat="40.06297" lon="-124.07959">
        <ele>0.0</ele>
      </trkpt>
      <trkpt lat="40.06207" lon="-124.07953">
        <ele>0.0</ele>
      </trkpt>
      <trkpt lat="40.06126" lon="-124.07952">
        <ele>0.0</ele>
      </trkpt>
      <trkpt lat="40.06126" lon="-124.07952">
        <ele>0.0</ele>
      </trkpt>
      <trkpt lat="40.061196" lon="-124.079519">
        <ele>0.0</ele>
      </trkpt>
      <trkpt lat="40.061204" lon="-124.079519">
        <ele>0.0</ele>
      </trkpt>
      <trkpt lat="40.05475" lon="-124.07945">
        <ele>0.0</ele>
      </trkpt>
      <trkpt lat="40.054169" lon="-124.079489">
        <ele>0.0</ele>
      </trkpt>
      <trkpt lat="40.049052" lon="-124.079723">
        <ele>0.0</ele>
      </trkpt>
      <trkpt lat="40.047114" lon="-124.079658">
        <ele>0.0</ele>
      </trkpt>
      <trkpt lat="40.045882" lon="-124.079465">
        <ele>0.0</ele>
      </trkpt>
      <trkpt lat="40.045049" lon="-124.078902">
        <ele>5.0</ele>
      </trkpt>
      <trkpt lat="40.045016" lon="-124.078816">
        <ele>5.0</ele>
      </trkpt>
      <trkpt lat="40.045025" lon="-124.07881">
        <ele>5.0</ele>
      </trkpt>
      <trkpt lat="40.04496" lon="-124.07864">
        <ele>8.0</ele>
      </trkpt>
      <trkpt lat="40.045" lon="-124.07839">
        <ele>5.0</ele>
      </trkpt>
      <trkpt lat="40.04502" lon="-124.0784">
        <ele>5.0</ele>
      </trkpt>
      <trkpt lat="40.04504" lon="-124.07867">
        <ele>5.0</ele>
      </trkpt>
      <trkpt lat="40.04506" lon="-124.07874">
        <ele>5.0</ele>
      </trkpt>
      <trkpt lat="40.04511" lon="-124.07876">
        <ele>5.0</ele>
      </trkpt>
      <trkpt lat="40.04516" lon="-124.07873">
        <ele>5.0</ele>
      </trkpt>
      <trkpt lat="40.04521" lon="-124.07863">
        <ele>5.0</ele>
      </trkpt>
      <trkpt lat="40.04521" lon="-124.07863">
        <ele>5.0</ele>
      </trkpt>
      <trkpt lat="40.04518" lon="-124.07802">
        <ele>20.0</ele>
      </trkpt>
      <trkpt lat="40.045191" lon="-124.077864">
        <ele>20.0</ele>
      </trkpt>
      <trkpt lat="40.045191" lon="-124.077869">
        <ele>20.0</ele>
      </trkpt>
      <trkpt lat="40.0452" lon="-124.07774">
        <ele>20.0</ele>
      </trkpt>
      <trkpt lat="40.04518" lon="-124.07749">
        <ele>28.0</ele>
      </trkpt>
      <trkpt lat="40.04518" lon="-124.07749">
        <ele>28.0</ele>
      </trkpt>
      <trkpt lat="40.04506" lon="-124.07707">
        <ele>28.0</ele>
      </trkpt>
      <trkpt lat="40.04506" lon="-124.07707">
        <ele>28.0</ele>
      </trkpt>
      <trkpt lat="40.04506" lon="-124.07707">
        <ele>28.0</ele>
      </trkpt>
      <trkpt lat="40.04523" lon="-124.07693">
        <ele>28.0</ele>
      </trkpt>
      <trkpt lat="40.04535" lon="-124.077">
        <ele>28.0</ele>
      </trkpt>
      <trkpt lat="40.04539" lon="-124.07715">
        <ele>28.0</ele>
      </trkpt>
      <trkpt lat="40.04539" lon="-124.07715">
        <ele>28.0</ele>
      </trkpt>
      <trkpt lat="40.045438" lon="-124.077252">
        <ele>28.0</ele>
      </trkpt>
    </trkseg>
  </trk>
</gpx>